
-- добавить в work_type типы работы и количество часов в неделю на такой тип работы
INSERT INTO hw.work_type (free_schedule, week_working_hours) VALUES
(false, 40),
(false, 38),
(true, 40),
(true, 20),
(true, 30),
(false, 40),
(false, 40);

-- добавить работников и описание про них в таблицу employee
INSERT INTO hw.employee (employee_id, firstname, surname, birthday, work_type_id, hour_salary, employment_dt, valid_from, valid_to) VALUES
(nextval('hw.employee_id_seq'),'Luis', 'Clark', '1999-01-08', 1, 30, '2022-09-04', '1970-01-01', '2100-01-01'),
(nextval('hw.employee_id_seq'), 'Jimmy', 'Farrel', '1983-06-23', 1, 30, '2022-08-27', '1970-01-01', '2100-01-01'),
(nextval('hw.employee_id_seq'), 'Mark', 'Spencer', '1970-10-11', 3, 50, '2021-02-15', '1970-01-01', '2021-10-7'),
(nextval('hw.employee_id_seq'), 'Monica', 'Spencer', '1975-07-19', 3, 40, '2021-02-15', '1970-01-01', '2021-10-7'),
(nextval('hw.employee_id_seq'), 'Bruce', 'Wellington', '1989-07-15', 2, 50, '2021-04-01', '1970-01-01', '2100-01-01'),
(nextval('hw.employee_id_seq'), 'John', 'Ruth', '1991-02-24', 1, 40, '2021-04-11', '1970-01-01', '2100-01-01'),
(nextval('hw.employee_id_seq'), 'Kaiseki', 'Jubako', '1995-12-12', 1, 30,'2022-09-12', '1970-01-01', '2100-01-01'),
(nextval('hw.employee_id_seq'), 'Jinju', 'Patisserie', '1983-06-23', 2, 30, '2022-10-02', '1970-01-01', '2100-01-01'),
(nextval('hw.employee_id_seq'), 'Maialino', 'Mare', '1990-10-11', 2, 40, '2022-02-07', '1970-01-01', '2100-01-01'),
(nextval('hw.employee_id_seq'), 'Osteria', 'Stellina', '1987-02-24', 2, 30, '2022-02-21', '1970-01-01', '2100-01-01'),
(3, 'Mark', 'Spencer', '1970-10-11', 3, 100, '2021-02-15', '2021-10-8', '2100-01-01'),
(4, 'Monica', 'Spencer', '1975-07-19', 3, 80, '2021-02-15', '2021-10-8', '2100-01-01');

-- добавить в таблицу premium_type премию(ее описание)
INSERT INTO hw.premium_type (description) VALUES
('Year bonus'),
('For extra worked hours'),
('For achievements');

-- добавить в таблицу premium тип премии, какому работнику, сколько и когда
INSERT INTO hw.premium (employee_id, employee_valid_from, premium_type_id, date, payment) VALUES
(3, '2021-10-8', 1, '2021-12-28', 1500),
(4, '2021-10-8', 1, '2021-12-28', 1500),
(5, '1970-01-01', 1, '2021-12-28', 1000),
(6, '1970-01-01', 1, '2021-12-28', 1000),
(3, '2021-10-8', 2, '2021-06-28', 500),
(4, '2021-10-8', 2, '2021-06-28', 500),
(1, '1970-01-01', 1, '2022-12-28', 500),
(2, '1970-01-01', 1, '2022-12-28', 1500),
(3, '2021-10-8', 1, '2022-12-28', 1500),
(4, '2021-10-8', 1, '2022-12-28', 1500),
(5, '1970-01-01', 1, '2022-12-28', 1500),
(6, '1970-01-01', 1, '2022-12-28', 1500),
(7, '1970-01-01', 1, '2022-12-28', 1500),
(8, '1970-01-01', 1, '2022-12-28', 1500),
(9, '1970-01-01', 1, '2022-12-28', 1500),
(10, '1970-01-01', 1, '2022-12-28', 1500);

-- добавить в таблицу work_hour_type тип работы
INSERT INTO hw.work_hour_type (description, paid) VALUES
('Worked at office', true),
('Worked from home', true),
('Business trip', true),
('Sick leave', true),
('Vacation', true),
('Not worked', false);

-- добавить разметку по датам и неделям в таблицу date
INSERT INTO hw.date (date, weekday, holiday) VALUES
('2021-01-01', 5, true),
('2021-01-02', 6, true),
('2021-01-03', 7, true),
('2021-01-04', 1, true),
('2021-01-05', 2, true),
('2021-01-06', 3, true),
('2021-01-07', 4, true),
('2021-01-08', 5, true),
('2021-01-09', 6, false),
('2021-01-10', 7, false),
('2021-01-11', 1, false),
('2021-01-12', 2, false),
('2021-01-13', 3, false),
('2021-01-14', 4, false),
('2021-01-15', 5, false),
('2021-01-16', 6, false),
('2021-01-17', 7, false),
('2021-01-18', 1, false),
('2021-01-19', 2, false),
('2021-01-20', 3, false),
('2021-01-21', 4, false),
('2021-01-22', 5, false),
('2021-01-23', 6, false),
('2021-01-24', 7, false),
('2021-01-25', 1, false),
('2021-01-26', 2, false),
('2021-01-27', 3, false),
('2021-01-28', 4, false),
('2021-01-29', 5, false),
('2021-01-30', 6, false),
('2021-01-31', 7, false),
('2021-02-01', 1, false),
('2021-02-02', 2, false),
('2021-02-03', 3, false),
('2021-02-04', 4, false),
('2021-02-05', 5, false),
('2021-02-06', 6, false),
('2021-02-07', 7, false),
('2021-02-08', 1, false),
('2021-02-09', 2, false),
('2021-02-10', 3, false),
('2021-02-11', 4, false),
('2021-02-12', 5, false),
('2021-02-13', 6, false),
('2021-02-14', 7, false),
('2021-02-15', 1, false),
('2021-02-16', 2, false),
('2021-02-17', 3, false),
('2021-02-18', 4, false),
('2021-02-19', 5, false),
('2021-02-20', 6, false),
('2021-02-21', 7, false),
('2021-02-22', 1, false),
('2021-02-23', 2, true),
('2021-02-24', 3, false),
('2021-02-25', 4, false),
('2021-02-26', 5, false),
('2021-02-27', 6, false),
('2021-02-28', 7, false),
('2021-03-01', 1, false),
('2021-03-02', 2, false),
('2021-03-03', 3, false),
('2021-03-04', 4, false),
('2021-03-05', 5, false),
('2021-03-06', 6, false),
('2021-03-07', 7, false),
('2021-03-08', 1, true),
('2021-03-09', 2, false),
('2021-03-10', 3, false),
('2021-03-11', 4, false),
('2021-03-12', 5, false),
('2021-03-13', 6, false),
('2021-03-14', 7, false),
('2021-03-15', 1, false),
('2021-03-16', 2, false),
('2021-03-17', 3, false),
('2021-03-18', 4, false),
('2021-03-19', 5, false),
('2021-03-20', 6, false),
('2021-03-21', 7, false),
('2021-03-22', 1, false),
('2021-03-23', 2, false),
('2021-03-24', 3, false),
('2021-03-25', 4, false),
('2021-03-26', 5, false),
('2021-03-27', 6, false),
('2021-03-28', 7, false),
('2021-03-29', 1, false),
('2021-03-30', 2, false),
('2021-03-31', 3, false),
('2021-04-01', 4, false),
('2021-04-02', 5, false),
('2021-04-03', 6, false),
('2021-04-04', 7, false),
('2021-04-05', 1, false),
('2021-04-06', 2, false),
('2021-04-07', 3, false),
('2021-04-08', 4, false),
('2021-04-09', 5, false),
('2021-04-10', 6, false),
('2021-04-11', 7, false),
('2021-04-12', 1, false),
('2021-04-13', 2, false),
('2021-04-14', 3, false),
('2021-04-15', 4, false),
('2021-04-16', 5, false),
('2021-04-17', 6, false),
('2021-04-18', 7, false),
('2021-04-19', 1, false),
('2021-04-20', 2, false),
('2021-04-21', 3, false),
('2021-04-22', 4, false),
('2021-04-23', 5, false),
('2021-04-24', 6, false),
('2021-04-25', 7, false),
('2021-04-26', 1, false),
('2021-04-27', 2, false),
('2021-04-28', 3, false),
('2021-04-29', 4, false),
('2021-04-30', 5, false),
('2021-05-01', 6, true),
('2021-05-02', 7, false),
('2021-05-03', 1, false),
('2021-05-04', 2, false),
('2021-05-05', 3, false),
('2021-05-06', 4, false),
('2021-05-07', 5, false),
('2021-05-08', 6, false),
('2021-05-09', 7, true),
('2021-05-10', 1, false),
('2021-05-11', 2, false),
('2021-05-12', 3, false),
('2021-05-13', 4, false),
('2021-05-14', 5, false),
('2021-05-15', 6, false),
('2021-05-16', 7, false),
('2021-05-17', 1, false),
('2021-05-18', 2, false),
('2021-05-19', 3, false),
('2021-05-20', 4, false),
('2021-05-21', 5, false),
('2021-05-22', 6, false),
('2021-05-23', 7, false),
('2021-05-24', 1, false),
('2021-05-25', 2, false),
('2021-05-26', 3, false),
('2021-05-27', 4, false),
('2021-05-28', 5, false),
('2021-05-29', 6, false),
('2021-05-30', 7, false),
('2021-05-31', 1, false),
('2021-06-01', 2, false),
('2021-06-02', 3, false),
('2021-06-03', 4, false),
('2021-06-04', 5, false),
('2021-06-05', 6, false),
('2021-06-06', 7, false),
('2021-06-07', 1, false),
('2021-06-08', 2, false),
('2021-06-09', 3, false),
('2021-06-10', 4, false),
('2021-06-11', 5, false),
('2021-06-12', 6, true),
('2021-06-13', 7, false),
('2021-06-14', 1, false),
('2021-06-15', 2, false),
('2021-06-16', 3, false),
('2021-06-17', 4, false),
('2021-06-18', 5, false),
('2021-06-19', 6, false),
('2021-06-20', 7, false),
('2021-06-21', 1, false),
('2021-06-22', 2, false),
('2021-06-23', 3, false),
('2021-06-24', 4, false),
('2021-06-25', 5, false),
('2021-06-26', 6, false),
('2021-06-27', 7, false),
('2021-06-28', 1, false),
('2021-06-29', 2, false),
('2021-06-30', 3, false),
('2021-07-01', 4, false),
('2021-07-02', 5, false),
('2021-07-03', 6, false),
('2021-07-04', 7, false),
('2021-07-05', 1, false),
('2021-07-06', 2, false),
('2021-07-07', 3, false),
('2021-07-08', 4, false),
('2021-07-09', 5, false),
('2021-07-10', 6, false),
('2021-07-11', 7, false),
('2021-07-12', 1, false),
('2021-07-13', 2, false),
('2021-07-14', 3, false),
('2021-07-15', 4, false),
('2021-07-16', 5, false),
('2021-07-17', 6, false),
('2021-07-18', 7, false),
('2021-07-19', 1, false),
('2021-07-20', 2, false),
('2021-07-21', 3, false),
('2021-07-22', 4, false),
('2021-07-23', 5, false),
('2021-07-24', 6, false),
('2021-07-25', 7, false),
('2021-07-26', 1, false),
('2021-07-27', 2, false),
('2021-07-28', 3, false),
('2021-07-29', 4, false),
('2021-07-30', 5, false),
('2021-07-31', 6, false),
('2021-08-01', 7, false),
('2021-08-02', 1, false),
('2021-08-03', 2, false),
('2021-08-04', 3, false),
('2021-08-05', 4, false),
('2021-08-06', 5, false),
('2021-08-07', 6, false),
('2021-08-08', 7, false),
('2021-08-09', 1, false),
('2021-08-10', 2, false),
('2021-08-11', 3, false),
('2021-08-12', 4, false),
('2021-08-13', 5, false),
('2021-08-14', 6, false),
('2021-08-15', 7, false),
('2021-08-16', 1, false),
('2021-08-17', 2, false),
('2021-08-18', 3, false),
('2021-08-19', 4, false),
('2021-08-20', 5, false),
('2021-08-21', 6, false),
('2021-08-22', 7, false),
('2021-08-23', 1, false),
('2021-08-24', 2, false),
('2021-08-25', 3, false),
('2021-08-26', 4, false),
('2021-08-27', 5, false),
('2021-08-28', 6, false),
('2021-08-29', 7, false),
('2021-08-30', 1, false),
('2021-08-31', 2, false),
('2021-09-01', 3, false),
('2021-09-02', 4, false),
('2021-09-03', 5, false),
('2021-09-04', 6, false),
('2021-09-05', 7, false),
('2021-09-06', 1, false),
('2021-09-07', 2, false),
('2021-09-08', 3, false),
('2021-09-09', 4, false),
('2021-09-10', 5, false),
('2021-09-11', 6, false),
('2021-09-12', 7, false),
('2021-09-13', 1, false),
('2021-09-14', 2, false),
('2021-09-15', 3, false),
('2021-09-16', 4, false),
('2021-09-17', 5, false),
('2021-09-18', 6, false),
('2021-09-19', 7, false),
('2021-09-20', 1, false),
('2021-09-21', 2, false),
('2021-09-22', 3, false),
('2021-09-23', 4, false),
('2021-09-24', 5, false),
('2021-09-25', 6, false),
('2021-09-26', 7, false),
('2021-09-27', 1, false),
('2021-09-28', 2, false),
('2021-09-29', 3, false),
('2021-09-30', 4, false),
('2021-10-01', 5, false),
('2021-10-02', 6, false),
('2021-10-03', 7, false),
('2021-10-04', 1, false),
('2021-10-05', 2, false),
('2021-10-06', 3, false),
('2021-10-07', 4, false),
('2021-10-08', 5, false),
('2021-10-09', 6, false),
('2021-10-10', 7, false),
('2021-10-11', 1, false),
('2021-10-12', 2, false),
('2021-10-13', 3, false),
('2021-10-14', 4, false),
('2021-10-15', 5, false),
('2021-10-16', 6, false),
('2021-10-17', 7, false),
('2021-10-18', 1, false),
('2021-10-19', 2, false),
('2021-10-20', 3, false),
('2021-10-21', 4, false),
('2021-10-22', 5, false),
('2021-10-23', 6, false),
('2021-10-24', 7, false),
('2021-10-25', 1, false),
('2021-10-26', 2, false),
('2021-10-27', 3, false),
('2021-10-28', 4, false),
('2021-10-29', 5, false),
('2021-10-30', 6, false),
('2021-10-31', 7, false),
('2021-11-01', 1, false),
('2021-11-02', 2, false),
('2021-11-03', 3, false),
('2021-11-04', 4, true),
('2021-11-05', 5, false),
('2021-11-06', 6, false),
('2021-11-07', 7, false),
('2021-11-08', 1, false),
('2021-11-09', 2, false),
('2021-11-10', 3, false),
('2021-11-11', 4, false),
('2021-11-12', 5, false),
('2021-11-13', 6, false),
('2021-11-14', 7, false),
('2021-11-15', 1, false),
('2021-11-16', 2, false),
('2021-11-17', 3, false),
('2021-11-18', 4, false),
('2021-11-19', 5, false),
('2021-11-20', 6, false),
('2021-11-21', 7, false),
('2021-11-22', 1, false),
('2021-11-23', 2, false),
('2021-11-24', 3, false),
('2021-11-25', 4, false),
('2021-11-26', 5, false),
('2021-11-27', 6, false),
('2021-11-28', 7, false),
('2021-11-29', 1, false),
('2021-11-30', 2, false),
('2021-12-01', 3, false),
('2021-12-02', 4, false),
('2021-12-03', 5, false),
('2021-12-04', 6, false),
('2021-12-05', 7, false),
('2021-12-06', 1, false),
('2021-12-07', 2, false),
('2021-12-08', 3, false),
('2021-12-09', 4, false),
('2021-12-10', 5, false),
('2021-12-11', 6, false),
('2021-12-12', 7, false),
('2021-12-13', 1, false),
('2021-12-14', 2, false),
('2021-12-15', 3, false),
('2021-12-16', 4, false),
('2021-12-17', 5, false),
('2021-12-18', 6, false),
('2021-12-19', 7, false),
('2021-12-20', 1, false),
('2021-12-21', 2, false),
('2021-12-22', 3, false),
('2021-12-23', 4, false),
('2021-12-24', 5, false),
('2021-12-25', 6, false),
('2021-12-26', 7, false),
('2021-12-27', 1, false),
('2021-12-28', 2, false),
('2021-12-29', 3, false),
('2021-12-30', 4, false),
('2021-12-31', 5, false),
('2022-01-01', 6, true),
('2022-01-02', 7, true),
('2022-01-03', 1, true),
('2022-01-04', 2, true),
('2022-01-05', 3, true),
('2022-01-06', 4, true),
('2022-01-07', 5, true),
('2022-01-08', 6, true),
('2022-01-09', 7, false),
('2022-01-10', 1, false),
('2022-01-11', 2, false),
('2022-01-12', 3, false),
('2022-01-13', 4, false),
('2022-01-14', 5, false),
('2022-01-15', 6, false),
('2022-01-16', 7, false),
('2022-01-17', 1, false),
('2022-01-18', 2, false),
('2022-01-19', 3, false),
('2022-01-20', 4, false),
('2022-01-21', 5, false),
('2022-01-22', 6, false),
('2022-01-23', 7, false),
('2022-01-24', 1, false),
('2022-01-25', 2, false),
('2022-01-26', 3, false),
('2022-01-27', 4, false),
('2022-01-28', 5, false),
('2022-01-29', 6, false),
('2022-01-30', 7, false),
('2022-01-31', 1, false),
('2022-02-01', 2, false),
('2022-02-02', 3, false),
('2022-02-03', 4, false),
('2022-02-04', 5, false),
('2022-02-05', 6, false),
('2022-02-06', 7, false),
('2022-02-07', 1, false),
('2022-02-08', 2, false),
('2022-02-09', 3, false),
('2022-02-10', 4, false),
('2022-02-11', 5, false),
('2022-02-12', 6, false),
('2022-02-13', 7, false),
('2022-02-14', 1, false),
('2022-02-15', 2, false),
('2022-02-16', 3, false),
('2022-02-17', 4, false),
('2022-02-18', 5, false),
('2022-02-19', 6, false),
('2022-02-20', 7, false),
('2022-02-21', 1, false),
('2022-02-22', 2, false),
('2022-02-23', 3, true),
('2022-02-24', 4, false),
('2022-02-25', 5, false),
('2022-02-26', 6, false),
('2022-02-27', 7, false),
('2022-02-28', 1, false),
('2022-03-01', 2, false),
('2022-03-02', 3, false),
('2022-03-03', 4, false),
('2022-03-04', 5, false),
('2022-03-05', 6, false),
('2022-03-06', 7, false),
('2022-03-07', 1, false),
('2022-03-08', 2, true),
('2022-03-09', 3, false),
('2022-03-10', 4, false),
('2022-03-11', 5, false),
('2022-03-12', 6, false),
('2022-03-13', 7, false),
('2022-03-14', 1, false),
('2022-03-15', 2, false),
('2022-03-16', 3, false),
('2022-03-17', 4, false),
('2022-03-18', 5, false),
('2022-03-19', 6, false),
('2022-03-20', 7, false),
('2022-03-21', 1, false),
('2022-03-22', 2, false),
('2022-03-23', 3, false),
('2022-03-24', 4, false),
('2022-03-25', 5, false),
('2022-03-26', 6, false),
('2022-03-27', 7, false),
('2022-03-28', 1, false),
('2022-03-29', 2, false),
('2022-03-30', 3, false),
('2022-03-31', 4, false),
('2022-04-01', 5, false),
('2022-04-02', 6, false),
('2022-04-03', 7, false),
('2022-04-04', 1, false),
('2022-04-05', 2, false),
('2022-04-06', 3, false),
('2022-04-07', 4, false),
('2022-04-08', 5, false),
('2022-04-09', 6, false),
('2022-04-10', 7, false),
('2022-04-11', 1, false),
('2022-04-12', 2, false),
('2022-04-13', 3, false),
('2022-04-14', 4, false),
('2022-04-15', 5, false),
('2022-04-16', 6, false),
('2022-04-17', 7, false),
('2022-04-18', 1, false),
('2022-04-19', 2, false),
('2022-04-20', 3, false),
('2022-04-21', 4, false),
('2022-04-22', 5, false),
('2022-04-23', 6, false),
('2022-04-24', 7, false),
('2022-04-25', 1, false),
('2022-04-26', 2, false),
('2022-04-27', 3, false),
('2022-04-28', 4, false),
('2022-04-29', 5, false),
('2022-04-30', 6, false),
('2022-05-01', 7, true),
('2022-05-02', 1, false),
('2022-05-03', 2, false),
('2022-05-04', 3, false),
('2022-05-05', 4, false),
('2022-05-06', 5, false),
('2022-05-07', 6, false),
('2022-05-08', 7, false),
('2022-05-09', 1, true),
('2022-05-10', 2, false),
('2022-05-11', 3, false),
('2022-05-12', 4, false),
('2022-05-13', 5, false),
('2022-05-14', 6, false),
('2022-05-15', 7, false),
('2022-05-16', 1, false),
('2022-05-17', 2, false),
('2022-05-18', 3, false),
('2022-05-19', 4, false),
('2022-05-20', 5, false),
('2022-05-21', 6, false),
('2022-05-22', 7, false),
('2022-05-23', 1, false),
('2022-05-24', 2, false),
('2022-05-25', 3, false),
('2022-05-26', 4, false),
('2022-05-27', 5, false),
('2022-05-28', 6, false),
('2022-05-29', 7, false),
('2022-05-30', 1, false),
('2022-05-31', 2, false),
('2022-06-01', 3, false),
('2022-06-02', 4, false),
('2022-06-03', 5, false),
('2022-06-04', 6, false),
('2022-06-05', 7, false),
('2022-06-06', 1, false),
('2022-06-07', 2, false),
('2022-06-08', 3, false),
('2022-06-09', 4, false),
('2022-06-10', 5, false),
('2022-06-11', 6, false),
('2022-06-12', 7, true),
('2022-06-13', 1, false),
('2022-06-14', 2, false),
('2022-06-15', 3, false),
('2022-06-16', 4, false),
('2022-06-17', 5, false),
('2022-06-18', 6, false),
('2022-06-19', 7, false),
('2022-06-20', 1, false),
('2022-06-21', 2, false),
('2022-06-22', 3, false),
('2022-06-23', 4, false),
('2022-06-24', 5, false),
('2022-06-25', 6, false),
('2022-06-26', 7, false),
('2022-06-27', 1, false),
('2022-06-28', 2, false),
('2022-06-29', 3, false),
('2022-06-30', 4, false),
('2022-07-01', 5, false),
('2022-07-02', 6, false),
('2022-07-03', 7, false),
('2022-07-04', 1, false),
('2022-07-05', 2, false),
('2022-07-06', 3, false),
('2022-07-07', 4, false),
('2022-07-08', 5, false),
('2022-07-09', 6, false),
('2022-07-10', 7, false),
('2022-07-11', 1, false),
('2022-07-12', 2, false),
('2022-07-13', 3, false),
('2022-07-14', 4, false),
('2022-07-15', 5, false),
('2022-07-16', 6, false),
('2022-07-17', 7, false),
('2022-07-18', 1, false),
('2022-07-19', 2, false),
('2022-07-20', 3, false),
('2022-07-21', 4, false),
('2022-07-22', 5, false),
('2022-07-23', 6, false),
('2022-07-24', 7, false),
('2022-07-25', 1, false),
('2022-07-26', 2, false),
('2022-07-27', 3, false),
('2022-07-28', 4, false),
('2022-07-29', 5, false),
('2022-07-30', 6, false),
('2022-07-31', 7, false),
('2022-08-01', 1, false),
('2022-08-02', 2, false),
('2022-08-03', 3, false),
('2022-08-04', 4, false),
('2022-08-05', 5, false),
('2022-08-06', 6, false),
('2022-08-07', 7, false),
('2022-08-08', 1, false),
('2022-08-09', 2, false),
('2022-08-10', 3, false),
('2022-08-11', 4, false),
('2022-08-12', 5, false),
('2022-08-13', 6, false),
('2022-08-14', 7, false),
('2022-08-15', 1, false),
('2022-08-16', 2, false),
('2022-08-17', 3, false),
('2022-08-18', 4, false),
('2022-08-19', 5, false),
('2022-08-20', 6, false),
('2022-08-21', 7, false),
('2022-08-22', 1, false),
('2022-08-23', 2, false),
('2022-08-24', 3, false),
('2022-08-25', 4, false),
('2022-08-26', 5, false),
('2022-08-27', 6, false),
('2022-08-28', 7, false),
('2022-08-29', 1, false),
('2022-08-30', 2, false),
('2022-08-31', 3, false),
('2022-09-01', 4, false),
('2022-09-02', 5, false),
('2022-09-03', 6, false),
('2022-09-04', 7, false),
('2022-09-05', 1, false),
('2022-09-06', 2, false),
('2022-09-07', 3, false),
('2022-09-08', 4, false),
('2022-09-09', 5, false),
('2022-09-10', 6, false),
('2022-09-11', 7, false),
('2022-09-12', 1, false),
('2022-09-13', 2, false),
('2022-09-14', 3, false),
('2022-09-15', 4, false),
('2022-09-16', 5, false),
('2022-09-17', 6, false),
('2022-09-18', 7, false),
('2022-09-19', 1, false),
('2022-09-20', 2, false),
('2022-09-21', 3, false),
('2022-09-22', 4, false),
('2022-09-23', 5, false),
('2022-09-24', 6, false),
('2022-09-25', 7, false),
('2022-09-26', 1, false),
('2022-09-27', 2, false),
('2022-09-28', 3, false),
('2022-09-29', 4, false),
('2022-09-30', 5, false),
('2022-10-01', 6, false),
('2022-10-02', 7, false),
('2022-10-03', 1, false),
('2022-10-04', 2, false),
('2022-10-05', 3, false),
('2022-10-06', 4, false),
('2022-10-07', 5, false),
('2022-10-08', 6, false),
('2022-10-09', 7, false),
('2022-10-10', 1, false),
('2022-10-11', 2, false),
('2022-10-12', 3, false),
('2022-10-13', 4, false),
('2022-10-14', 5, false),
('2022-10-15', 6, false),
('2022-10-16', 7, false),
('2022-10-17', 1, false),
('2022-10-18', 2, false),
('2022-10-19', 3, false),
('2022-10-20', 4, false),
('2022-10-21', 5, false),
('2022-10-22', 6, false),
('2022-10-23', 7, false),
('2022-10-24', 1, false),
('2022-10-25', 2, false),
('2022-10-26', 3, false),
('2022-10-27', 4, false),
('2022-10-28', 5, false),
('2022-10-29', 6, false),
('2022-10-30', 7, false),
('2022-10-31', 1, false),
('2022-11-01', 2, false),
('2022-11-02', 3, false),
('2022-11-03', 4, false),
('2022-11-04', 5, true),
('2022-11-05', 6, false),
('2022-11-06', 7, false),
('2022-11-07', 1, false),
('2022-11-08', 2, false),
('2022-11-09', 3, false),
('2022-11-10', 4, false),
('2022-11-11', 5, false),
('2022-11-12', 6, false),
('2022-11-13', 7, false),
('2022-11-14', 1, false),
('2022-11-15', 2, false),
('2022-11-16', 3, false),
('2022-11-17', 4, false),
('2022-11-18', 5, false),
('2022-11-19', 6, false),
('2022-11-20', 7, false),
('2022-11-21', 1, false),
('2022-11-22', 2, false),
('2022-11-23', 3, false),
('2022-11-24', 4, false),
('2022-11-25', 5, false),
('2022-11-26', 6, false),
('2022-11-27', 7, false),
('2022-11-28', 1, false),
('2022-11-29', 2, false),
('2022-11-30', 3, false),
('2022-12-01', 4, false),
('2022-12-02', 5, false),
('2022-12-03', 6, false),
('2022-12-04', 7, false),
('2022-12-05', 1, false),
('2022-12-06', 2, false),
('2022-12-07', 3, false),
('2022-12-08', 4, false),
('2022-12-09', 5, false),
('2022-12-10', 6, false),
('2022-12-11', 7, false),
('2022-12-12', 1, false),
('2022-12-13', 2, false),
('2022-12-14', 3, false),
('2022-12-15', 4, false),
('2022-12-16', 5, false),
('2022-12-17', 6, false),
('2022-12-18', 7, false),
('2022-12-19', 1, false),
('2022-12-20', 2, false),
('2022-12-21', 3, false),
('2022-12-22', 4, false),
('2022-12-23', 5, false),
('2022-12-24', 6, false),
('2022-12-25', 7, false),
('2022-12-26', 1, false),
('2022-12-27', 2, false),
('2022-12-28', 3, false),
('2022-12-29', 4, false),
('2022-12-30', 5, false),
('2022-12-31', 6, false),
('2023-01-01', 7, true),
('2023-01-02', 1, true),
('2023-01-03', 2, true),
('2023-01-04', 3, true),
('2023-01-05', 4, true),
('2023-01-06', 5, true),
('2023-01-07', 6, true),
('2023-01-08', 7, true),
('2023-01-09', 1, false),
('2023-01-10', 2, false),
('2023-01-11', 3, false),
('2023-01-12', 4, false),
('2023-01-13', 5, false),
('2023-01-14', 6, false),
('2023-01-15', 7, false),
('2023-01-16', 1, false),
('2023-01-17', 2, false),
('2023-01-18', 3, false),
('2023-01-19', 4, false),
('2023-01-20', 5, false),
('2023-01-21', 6, false),
('2023-01-22', 7, false),
('2023-01-23', 1, false),
('2023-01-24', 2, false),
('2023-01-25', 3, false),
('2023-01-26', 4, false),
('2023-01-27', 5, false),
('2023-01-28', 6, false),
('2023-01-29', 7, false),
('2023-01-30', 1, false),
('2023-01-31', 2, false),
('2023-02-01', 3, false),
('2023-02-02', 4, false),
('2023-02-03', 5, false),
('2023-02-04', 6, false),
('2023-02-05', 7, false),
('2023-02-06', 1, false),
('2023-02-07', 2, false),
('2023-02-08', 3, false),
('2023-02-09', 4, false),
('2023-02-10', 5, false),
('2023-02-11', 6, false),
('2023-02-12', 7, false),
('2023-02-13', 1, false),
('2023-02-14', 2, false),
('2023-02-15', 3, false),
('2023-02-16', 4, false),
('2023-02-17', 5, false),
('2023-02-18', 6, false),
('2023-02-19', 7, false),
('2023-02-20', 1, false),
('2023-02-21', 2, false),
('2023-02-22', 3, false),
('2023-02-23', 4, true),
('2023-02-24', 5, false),
('2023-02-25', 6, false),
('2023-02-26', 7, false),
('2023-02-27', 1, false),
('2023-02-28', 2, false),
('2023-03-01', 3, false),
('2023-03-02', 4, false),
('2023-03-03', 5, false),
('2023-03-04', 6, false),
('2023-03-05', 7, false),
('2023-03-06', 1, false),
('2023-03-07', 2, false),
('2023-03-08', 3, true),
('2023-03-09', 4, false),
('2023-03-10', 5, false),
('2023-03-11', 6, false),
('2023-03-12', 7, false),
('2023-03-13', 1, false),
('2023-03-14', 2, false),
('2023-03-15', 3, false),
('2023-03-16', 4, false),
('2023-03-17', 5, false),
('2023-03-18', 6, false),
('2023-03-19', 7, false),
('2023-03-20', 1, false),
('2023-03-21', 2, false),
('2023-03-22', 3, false),
('2023-03-23', 4, false),
('2023-03-24', 5, false),
('2023-03-25', 6, false),
('2023-03-26', 7, false),
('2023-03-27', 1, false),
('2023-03-28', 2, false),
('2023-03-29', 3, false),
('2023-03-30', 4, false),
('2023-03-31', 5, false),
('2023-04-01', 6, false),
('2023-04-02', 7, false),
('2023-04-03', 1, false),
('2023-04-04', 2, false),
('2023-04-05', 3, false),
('2023-04-06', 4, false),
('2023-04-07', 5, false),
('2023-04-08', 6, false),
('2023-04-09', 7, false),
('2023-04-10', 1, false),
('2023-04-11', 2, false),
('2023-04-12', 3, false),
('2023-04-13', 4, false),
('2023-04-14', 5, false),
('2023-04-15', 6, false),
('2023-04-16', 7, false),
('2023-04-17', 1, false),
('2023-04-18', 2, false),
('2023-04-19', 3, false),
('2023-04-20', 4, false),
('2023-04-21', 5, false),
('2023-04-22', 6, false),
('2023-04-23', 7, false),
('2023-04-24', 1, false),
('2023-04-25', 2, false),
('2023-04-26', 3, false),
('2023-04-27', 4, false),
('2023-04-28', 5, false),
('2023-04-29', 6, false),
('2023-04-30', 7, false),
('2023-05-01', 1, true),
('2023-05-02', 2, false),
('2023-05-03', 3, false),
('2023-05-04', 4, false),
('2023-05-05', 5, false),
('2023-05-06', 6, false),
('2023-05-07', 7, false),
('2023-05-08', 1, false),
('2023-05-09', 2, true),
('2023-05-10', 3, false),
('2023-05-11', 4, false),
('2023-05-12', 5, false),
('2023-05-13', 6, false),
('2023-05-14', 7, false),
('2023-05-15', 1, false),
('2023-05-16', 2, false),
('2023-05-17', 3, false),
('2023-05-18', 4, false),
('2023-05-19', 5, false),
('2023-05-20', 6, false),
('2023-05-21', 7, false),
('2023-05-22', 1, false),
('2023-05-23', 2, false),
('2023-05-24', 3, false),
('2023-05-25', 4, false),
('2023-05-26', 5, false),
('2023-05-27', 6, false),
('2023-05-28', 7, false),
('2023-05-29', 1, false),
('2023-05-30', 2, false),
('2023-05-31', 3, false),
('2023-06-01', 4, false),
('2023-06-02', 5, false),
('2023-06-03', 6, false),
('2023-06-04', 7, false),
('2023-06-05', 1, false),
('2023-06-06', 2, false),
('2023-06-07', 3, false),
('2023-06-08', 4, false),
('2023-06-09', 5, false),
('2023-06-10', 6, false),
('2023-06-11', 7, false),
('2023-06-12', 1, true),
('2023-06-13', 2, false),
('2023-06-14', 3, false),
('2023-06-15', 4, false),
('2023-06-16', 5, false),
('2023-06-17', 6, false),
('2023-06-18', 7, false),
('2023-06-19', 1, false),
('2023-06-20', 2, false),
('2023-06-21', 3, false),
('2023-06-22', 4, false),
('2023-06-23', 5, false),
('2023-06-24', 6, false),
('2023-06-25', 7, false),
('2023-06-26', 1, false),
('2023-06-27', 2, false),
('2023-06-28', 3, false),
('2023-06-29', 4, false),
('2023-06-30', 5, false),
('2023-07-01', 6, false),
('2023-07-02', 7, false),
('2023-07-03', 1, false),
('2023-07-04', 2, false),
('2023-07-05', 3, false),
('2023-07-06', 4, false),
('2023-07-07', 5, false),
('2023-07-08', 6, false),
('2023-07-09', 7, false),
('2023-07-10', 1, false),
('2023-07-11', 2, false),
('2023-07-12', 3, false),
('2023-07-13', 4, false),
('2023-07-14', 5, false),
('2023-07-15', 6, false),
('2023-07-16', 7, false),
('2023-07-17', 1, false),
('2023-07-18', 2, false),
('2023-07-19', 3, false),
('2023-07-20', 4, false),
('2023-07-21', 5, false),
('2023-07-22', 6, false),
('2023-07-23', 7, false),
('2023-07-24', 1, false),
('2023-07-25', 2, false),
('2023-07-26', 3, false),
('2023-07-27', 4, false),
('2023-07-28', 5, false),
('2023-07-29', 6, false),
('2023-07-30', 7, false),
('2023-07-31', 1, false),
('2023-08-01', 2, false),
('2023-08-02', 3, false),
('2023-08-03', 4, false),
('2023-08-04', 5, false),
('2023-08-05', 6, false),
('2023-08-06', 7, false),
('2023-08-07', 1, false),
('2023-08-08', 2, false),
('2023-08-09', 3, false),
('2023-08-10', 4, false),
('2023-08-11', 5, false),
('2023-08-12', 6, false),
('2023-08-13', 7, false),
('2023-08-14', 1, false),
('2023-08-15', 2, false),
('2023-08-16', 3, false),
('2023-08-17', 4, false),
('2023-08-18', 5, false),
('2023-08-19', 6, false),
('2023-08-20', 7, false),
('2023-08-21', 1, false),
('2023-08-22', 2, false),
('2023-08-23', 3, false),
('2023-08-24', 4, false),
('2023-08-25', 5, false),
('2023-08-26', 6, false),
('2023-08-27', 7, false),
('2023-08-28', 1, false),
('2023-08-29', 2, false),
('2023-08-30', 3, false),
('2023-08-31', 4, false),
('2023-09-01', 5, false),
('2023-09-02', 6, false),
('2023-09-03', 7, false),
('2023-09-04', 1, false),
('2023-09-05', 2, false),
('2023-09-06', 3, false),
('2023-09-07', 4, false),
('2023-09-08', 5, false),
('2023-09-09', 6, false),
('2023-09-10', 7, false),
('2023-09-11', 1, false),
('2023-09-12', 2, false),
('2023-09-13', 3, false),
('2023-09-14', 4, false),
('2023-09-15', 5, false),
('2023-09-16', 6, false),
('2023-09-17', 7, false),
('2023-09-18', 1, false),
('2023-09-19', 2, false),
('2023-09-20', 3, false),
('2023-09-21', 4, false),
('2023-09-22', 5, false),
('2023-09-23', 6, false),
('2023-09-24', 7, false),
('2023-09-25', 1, false),
('2023-09-26', 2, false),
('2023-09-27', 3, false),
('2023-09-28', 4, false),
('2023-09-29', 5, false),
('2023-09-30', 6, false),
('2023-10-01', 7, false),
('2023-10-02', 1, false),
('2023-10-03', 2, false),
('2023-10-04', 3, false),
('2023-10-05', 4, false),
('2023-10-06', 5, false),
('2023-10-07', 6, false),
('2023-10-08', 7, false),
('2023-10-09', 1, false),
('2023-10-10', 2, false),
('2023-10-11', 3, false),
('2023-10-12', 4, false),
('2023-10-13', 5, false),
('2023-10-14', 6, false),
('2023-10-15', 7, false),
('2023-10-16', 1, false),
('2023-10-17', 2, false),
('2023-10-18', 3, false),
('2023-10-19', 4, false),
('2023-10-20', 5, false),
('2023-10-21', 6, false),
('2023-10-22', 7, false),
('2023-10-23', 1, false),
('2023-10-24', 2, false),
('2023-10-25', 3, false),
('2023-10-26', 4, false),
('2023-10-27', 5, false),
('2023-10-28', 6, false),
('2023-10-29', 7, false),
('2023-10-30', 1, false),
('2023-10-31', 2, false),
('2023-11-01', 3, false),
('2023-11-02', 4, false),
('2023-11-03', 5, false),
('2023-11-04', 6, true),
('2023-11-05', 7, false),
('2023-11-06', 1, false),
('2023-11-07', 2, false),
('2023-11-08', 3, false),
('2023-11-09', 4, false),
('2023-11-10', 5, false),
('2023-11-11', 6, false),
('2023-11-12', 7, false),
('2023-11-13', 1, false),
('2023-11-14', 2, false),
('2023-11-15', 3, false),
('2023-11-16', 4, false),
('2023-11-17', 5, false),
('2023-11-18', 6, false),
('2023-11-19', 7, false),
('2023-11-20', 1, false),
('2023-11-21', 2, false),
('2023-11-22', 3, false),
('2023-11-23', 4, false),
('2023-11-24', 5, false),
('2023-11-25', 6, false),
('2023-11-26', 7, false),
('2023-11-27', 1, false),
('2023-11-28', 2, false),
('2023-11-29', 3, false),
('2023-11-30', 4, false),
('2023-12-01', 5, false),
('2023-12-02', 6, false),
('2023-12-03', 7, false),
('2023-12-04', 1, false),
('2023-12-05', 2, false),
('2023-12-06', 3, false),
('2023-12-07', 4, false),
('2023-12-08', 5, false),
('2023-12-09', 6, false),
('2023-12-10', 7, false),
('2023-12-11', 1, false),
('2023-12-12', 2, false),
('2023-12-13', 3, false),
('2023-12-14', 4, false),
('2023-12-15', 5, false),
('2023-12-16', 6, false),
('2023-12-17', 7, false),
('2023-12-18', 1, false),
('2023-12-19', 2, false),
('2023-12-20', 3, false),
('2023-12-21', 4, false),
('2023-12-22', 5, false),
('2023-12-23', 6, false),
('2023-12-24', 7, false),
('2023-12-25', 1, false),
('2023-12-26', 2, false),
('2023-12-27', 3, false),
('2023-12-28', 4, false),
('2023-12-29', 5, false),
('2023-12-30', 6, false),
('2023-12-31', 7, false),
('2024-01-01', 1, true),
('2024-01-02', 2, true),
('2024-01-03', 3, true),
('2024-01-04', 4, true),
('2024-01-05', 5, true),
('2024-01-06', 6, true),
('2024-01-07', 7, true),
('2024-01-08', 1, true),
('2024-01-09', 2, false),
('2024-01-10', 3, false),
('2024-01-11', 4, false),
('2024-01-12', 5, false),
('2024-01-13', 6, false),
('2024-01-14', 7, false),
('2024-01-15', 1, false),
('2024-01-16', 2, false),
('2024-01-17', 3, false),
('2024-01-18', 4, false),
('2024-01-19', 5, false),
('2024-01-20', 6, false),
('2024-01-21', 7, false),
('2024-01-22', 1, false),
('2024-01-23', 2, false),
('2024-01-24', 3, false),
('2024-01-25', 4, false),
('2024-01-26', 5, false),
('2024-01-27', 6, false),
('2024-01-28', 7, false),
('2024-01-29', 1, false),
('2024-01-30', 2, false),
('2024-01-31', 3, false),
('2024-02-01', 4, false),
('2024-02-02', 5, false),
('2024-02-03', 6, false),
('2024-02-04', 7, false),
('2024-02-05', 1, false),
('2024-02-06', 2, false),
('2024-02-07', 3, false),
('2024-02-08', 4, false),
('2024-02-09', 5, false),
('2024-02-10', 6, false),
('2024-02-11', 7, false),
('2024-02-12', 1, false),
('2024-02-13', 2, false),
('2024-02-14', 3, false),
('2024-02-15', 4, false),
('2024-02-16', 5, false),
('2024-02-17', 6, false),
('2024-02-18', 7, false),
('2024-02-19', 1, false),
('2024-02-20', 2, false),
('2024-02-21', 3, false),
('2024-02-22', 4, false),
('2024-02-23', 5, true),
('2024-02-24', 6, false),
('2024-02-25', 7, false),
('2024-02-26', 1, false),
('2024-02-27', 2, false),
('2024-02-28', 3, false),
('2024-02-29', 4, false),
('2024-03-01', 5, false),
('2024-03-02', 6, false),
('2024-03-03', 7, false),
('2024-03-04', 1, false),
('2024-03-05', 2, false),
('2024-03-06', 3, false),
('2024-03-07', 4, false),
('2024-03-08', 5, true),
('2024-03-09', 6, false),
('2024-03-10', 7, false),
('2024-03-11', 1, false),
('2024-03-12', 2, false),
('2024-03-13', 3, false),
('2024-03-14', 4, false),
('2024-03-15', 5, false),
('2024-03-16', 6, false),
('2024-03-17', 7, false),
('2024-03-18', 1, false),
('2024-03-19', 2, false),
('2024-03-20', 3, false),
('2024-03-21', 4, false),
('2024-03-22', 5, false),
('2024-03-23', 6, false),
('2024-03-24', 7, false),
('2024-03-25', 1, false),
('2024-03-26', 2, false),
('2024-03-27', 3, false),
('2024-03-28', 4, false),
('2024-03-29', 5, false),
('2024-03-30', 6, false),
('2024-03-31', 7, false),
('2024-04-01', 1, false),
('2024-04-02', 2, false),
('2024-04-03', 3, false),
('2024-04-04', 4, false),
('2024-04-05', 5, false),
('2024-04-06', 6, false),
('2024-04-07', 7, false),
('2024-04-08', 1, false),
('2024-04-09', 2, false),
('2024-04-10', 3, false),
('2024-04-11', 4, false),
('2024-04-12', 5, false),
('2024-04-13', 6, false),
('2024-04-14', 7, false),
('2024-04-15', 1, false),
('2024-04-16', 2, false),
('2024-04-17', 3, false),
('2024-04-18', 4, false),
('2024-04-19', 5, false),
('2024-04-20', 6, false),
('2024-04-21', 7, false),
('2024-04-22', 1, false),
('2024-04-23', 2, false),
('2024-04-24', 3, false),
('2024-04-25', 4, false),
('2024-04-26', 5, false),
('2024-04-27', 6, false),
('2024-04-28', 7, false),
('2024-04-29', 1, false),
('2024-04-30', 2, false),
('2024-05-01', 3, true),
('2024-05-02', 4, false),
('2024-05-03', 5, false),
('2024-05-04', 6, false),
('2024-05-05', 7, false),
('2024-05-06', 1, false),
('2024-05-07', 2, false),
('2024-05-08', 3, false),
('2024-05-09', 4, true),
('2024-05-10', 5, false),
('2024-05-11', 6, false),
('2024-05-12', 7, false),
('2024-05-13', 1, false),
('2024-05-14', 2, false),
('2024-05-15', 3, false),
('2024-05-16', 4, false),
('2024-05-17', 5, false),
('2024-05-18', 6, false),
('2024-05-19', 7, false),
('2024-05-20', 1, false),
('2024-05-21', 2, false),
('2024-05-22', 3, false),
('2024-05-23', 4, false),
('2024-05-24', 5, false),
('2024-05-25', 6, false),
('2024-05-26', 7, false),
('2024-05-27', 1, false),
('2024-05-28', 2, false),
('2024-05-29', 3, false),
('2024-05-30', 4, false),
('2024-05-31', 5, false),
('2024-06-01', 6, false),
('2024-06-02', 7, false),
('2024-06-03', 1, false),
('2024-06-04', 2, false),
('2024-06-05', 3, false),
('2024-06-06', 4, false),
('2024-06-07', 5, false),
('2024-06-08', 6, false),
('2024-06-09', 7, false),
('2024-06-10', 1, false),
('2024-06-11', 2, false),
('2024-06-12', 3, true),
('2024-06-13', 4, false),
('2024-06-14', 5, false),
('2024-06-15', 6, false),
('2024-06-16', 7, false),
('2024-06-17', 1, false),
('2024-06-18', 2, false),
('2024-06-19', 3, false),
('2024-06-20', 4, false),
('2024-06-21', 5, false),
('2024-06-22', 6, false),
('2024-06-23', 7, false),
('2024-06-24', 1, false),
('2024-06-25', 2, false),
('2024-06-26', 3, false),
('2024-06-27', 4, false),
('2024-06-28', 5, false),
('2024-06-29', 6, false),
('2024-06-30', 7, false),
('2024-07-01', 1, false),
('2024-07-02', 2, false),
('2024-07-03', 3, false),
('2024-07-04', 4, false),
('2024-07-05', 5, false),
('2024-07-06', 6, false),
('2024-07-07', 7, false),
('2024-07-08', 1, false),
('2024-07-09', 2, false),
('2024-07-10', 3, false),
('2024-07-11', 4, false),
('2024-07-12', 5, false),
('2024-07-13', 6, false),
('2024-07-14', 7, false),
('2024-07-15', 1, false),
('2024-07-16', 2, false),
('2024-07-17', 3, false),
('2024-07-18', 4, false),
('2024-07-19', 5, false),
('2024-07-20', 6, false),
('2024-07-21', 7, false),
('2024-07-22', 1, false),
('2024-07-23', 2, false),
('2024-07-24', 3, false),
('2024-07-25', 4, false),
('2024-07-26', 5, false),
('2024-07-27', 6, false),
('2024-07-28', 7, false),
('2024-07-29', 1, false),
('2024-07-30', 2, false),
('2024-07-31', 3, false),
('2024-08-01', 4, false),
('2024-08-02', 5, false),
('2024-08-03', 6, false),
('2024-08-04', 7, false),
('2024-08-05', 1, false),
('2024-08-06', 2, false),
('2024-08-07', 3, false),
('2024-08-08', 4, false),
('2024-08-09', 5, false),
('2024-08-10', 6, false),
('2024-08-11', 7, false),
('2024-08-12', 1, false),
('2024-08-13', 2, false),
('2024-08-14', 3, false),
('2024-08-15', 4, false),
('2024-08-16', 5, false),
('2024-08-17', 6, false),
('2024-08-18', 7, false),
('2024-08-19', 1, false),
('2024-08-20', 2, false),
('2024-08-21', 3, false),
('2024-08-22', 4, false),
('2024-08-23', 5, false),
('2024-08-24', 6, false),
('2024-08-25', 7, false),
('2024-08-26', 1, false),
('2024-08-27', 2, false),
('2024-08-28', 3, false),
('2024-08-29', 4, false),
('2024-08-30', 5, false),
('2024-08-31', 6, false),
('2024-09-01', 7, false),
('2024-09-02', 1, false),
('2024-09-03', 2, false),
('2024-09-04', 3, false),
('2024-09-05', 4, false),
('2024-09-06', 5, false),
('2024-09-07', 6, false),
('2024-09-08', 7, false),
('2024-09-09', 1, false),
('2024-09-10', 2, false),
('2024-09-11', 3, false),
('2024-09-12', 4, false),
('2024-09-13', 5, false),
('2024-09-14', 6, false),
('2024-09-15', 7, false),
('2024-09-16', 1, false),
('2024-09-17', 2, false),
('2024-09-18', 3, false),
('2024-09-19', 4, false),
('2024-09-20', 5, false),
('2024-09-21', 6, false),
('2024-09-22', 7, false),
('2024-09-23', 1, false),
('2024-09-24', 2, false),
('2024-09-25', 3, false),
('2024-09-26', 4, false),
('2024-09-27', 5, false),
('2024-09-28', 6, false),
('2024-09-29', 7, false),
('2024-09-30', 1, false),
('2024-10-01', 2, false),
('2024-10-02', 3, false),
('2024-10-03', 4, false),
('2024-10-04', 5, false),
('2024-10-05', 6, false),
('2024-10-06', 7, false),
('2024-10-07', 1, false),
('2024-10-08', 2, false),
('2024-10-09', 3, false),
('2024-10-10', 4, false),
('2024-10-11', 5, false),
('2024-10-12', 6, false),
('2024-10-13', 7, false),
('2024-10-14', 1, false),
('2024-10-15', 2, false),
('2024-10-16', 3, false),
('2024-10-17', 4, false),
('2024-10-18', 5, false),
('2024-10-19', 6, false),
('2024-10-20', 7, false),
('2024-10-21', 1, false),
('2024-10-22', 2, false),
('2024-10-23', 3, false),
('2024-10-24', 4, false),
('2024-10-25', 5, false),
('2024-10-26', 6, false),
('2024-10-27', 7, false),
('2024-10-28', 1, false),
('2024-10-29', 2, false),
('2024-10-30', 3, false),
('2024-10-31', 4, false),
('2024-11-01', 5, false),
('2024-11-02', 6, false),
('2024-11-03', 7, false),
('2024-11-04', 1, true),
('2024-11-05', 2, false),
('2024-11-06', 3, false),
('2024-11-07', 4, false),
('2024-11-08', 5, false),
('2024-11-09', 6, false),
('2024-11-10', 7, false),
('2024-11-11', 1, false),
('2024-11-12', 2, false),
('2024-11-13', 3, false),
('2024-11-14', 4, false),
('2024-11-15', 5, false),
('2024-11-16', 6, false),
('2024-11-17', 7, false),
('2024-11-18', 1, false),
('2024-11-19', 2, false),
('2024-11-20', 3, false),
('2024-11-21', 4, false),
('2024-11-22', 5, false),
('2024-11-23', 6, false),
('2024-11-24', 7, false),
('2024-11-25', 1, false),
('2024-11-26', 2, false),
('2024-11-27', 3, false),
('2024-11-28', 4, false),
('2024-11-29', 5, false),
('2024-11-30', 6, false),
('2024-12-01', 7, false),
('2024-12-02', 1, false),
('2024-12-03', 2, false),
('2024-12-04', 3, false),
('2024-12-05', 4, false),
('2024-12-06', 5, false),
('2024-12-07', 6, false),
('2024-12-08', 7, false),
('2024-12-09', 1, false),
('2024-12-10', 2, false),
('2024-12-11', 3, false),
('2024-12-12', 4, false),
('2024-12-13', 5, false),
('2024-12-14', 6, false),
('2024-12-15', 7, false),
('2024-12-16', 1, false),
('2024-12-17', 2, false),
('2024-12-18', 3, false),
('2024-12-19', 4, false),
('2024-12-20', 5, false),
('2024-12-21', 6, false),
('2024-12-22', 7, false),
('2024-12-23', 1, false),
('2024-12-24', 2, false),
('2024-12-25', 3, false),
('2024-12-26', 4, false),
('2024-12-27', 5, false),
('2024-12-28', 6, false),
('2024-12-29', 7, false),
('2024-12-30', 1, false),
('2024-12-31', 2, false);

-- добавить info про работника когда работал и сколько
INSERT INTO hw.work_hours (employee_id, date, hours_worked, hour_type_id) VALUES
(3, '2021-02-15', 9, 1),
(4, '2021-02-15', 6, 1),
(3, '2021-02-16', 2, 1),
(4, '2021-02-16', 1, 1),
(3, '2021-02-17', 7, 1),
(4, '2021-02-17', 2, 1),
(3, '2021-02-18', 9, 1),
(4, '2021-02-18', 8, 1),
(3, '2021-02-19', 7, 1),
(4, '2021-02-19', 8, 1),
(3, '2021-02-20', 4, 1),
(4, '2021-02-20', 0, 1),
(3, '2021-02-21', 8, 1),
(4, '2021-02-21', 1, 1),
(3, '2021-02-22', 1, 1),
(4, '2021-02-22', 10, 1),
(3, '2021-02-23', 2, 1),
(4, '2021-02-23', 7, 1),
(3, '2021-02-24', 8, 1),
(4, '2021-02-24', 12, 1),
(3, '2021-02-25', 11, 1),
(4, '2021-02-25', 6, 1),
(3, '2021-02-26', 5, 1),
(4, '2021-02-26', 0, 1),
(3, '2021-02-27', 9, 1),
(4, '2021-02-27', 5, 1),
(3, '2021-02-28', 11, 1),
(4, '2021-02-28', 12, 1),
(3, '2021-03-01', 12, 1),
(4, '2021-03-01', 8, 1),
(3, '2021-03-02', 0, 1),
(4, '2021-03-02', 8, 1),
(3, '2021-03-03', 11, 1),
(4, '2021-03-03', 10, 1),
(3, '2021-03-04', 9, 1),
(4, '2021-03-04', 11, 1),
(3, '2021-03-05', 9, 1),
(4, '2021-03-05', 8, 1),
(3, '2021-03-06', 4, 1),
(4, '2021-03-06', 0, 1),
(3, '2021-03-07', 0, 1),
(4, '2021-03-07', 12, 1),
(3, '2021-03-08', 7, 1),
(4, '2021-03-08', 9, 1),
(3, '2021-03-09', 8, 1),
(4, '2021-03-09', 4, 1),
(3, '2021-03-10', 7, 1),
(4, '2021-03-10', 0, 1),
(3, '2021-03-11', 11, 1),
(4, '2021-03-11', 0, 1),
(3, '2021-03-12', 4, 1),
(4, '2021-03-12', 12, 1),
(3, '2021-03-13', 6, 1),
(4, '2021-03-13', 1, 1),
(3, '2021-03-14', 2, 1),
(4, '2021-03-14', 2, 1),
(3, '2021-03-15', 5, 1),
(4, '2021-03-15', 6, 1),
(3, '2021-03-16', 9, 2),
(4, '2021-03-16', 8, 1),
(3, '2021-03-17', 8, 1),
(4, '2021-03-17', 9, 1),
(3, '2021-03-18', 5, 1),
(4, '2021-03-18', 8, 1),
(3, '2021-03-19', 0, 1),
(4, '2021-03-19', 4, 1),
(3, '2021-03-20', 9, 1),
(4, '2021-03-20', 3, 1),
(3, '2021-03-21', 5, 1),
(4, '2021-03-21', 12, 1),
(3, '2021-03-22', 1, 1),
(4, '2021-03-22', 4, 1),
(3, '2021-03-23', 4, 1),
(4, '2021-03-23', 2, 1),
(3, '2021-03-24', 4, 1),
(4, '2021-03-24', 11, 1),
(3, '2021-03-25', 2, 1),
(4, '2021-03-25', 5, 1),
(3, '2021-03-26', 6, 1),
(4, '2021-03-26', 10, 1),
(3, '2021-03-27', 9, 1),
(4, '2021-03-27', 2, 1),
(3, '2021-03-28', 8, 1),
(4, '2021-03-28', 11, 1),
(3, '2021-03-29', 12, 1),
(4, '2021-03-29', 9, 1),
(3, '2021-03-30', 3, 1),
(4, '2021-03-30', 11, 1),
(3, '2021-03-31', 10, 1),
(4, '2021-03-31', 6, 1),
(3, '2021-04-01', 2, 1),
(4, '2021-04-01', 0, 1),
(5, '2021-04-01', 8, 1),
(3, '2021-04-02', 2, 6),
(4, '2021-04-02', 0, 1),
(5, '2021-04-02', 6, 1),
(3, '2021-04-03', 10, 1),
(4, '2021-04-03', 0, 1),
(5, '2021-04-03', 0, 1),
(3, '2021-04-04', 12, 1),
(4, '2021-04-04', 3, 1),
(5, '2021-04-04', 0, 1),
(3, '2021-04-05', 8, 5),
(4, '2021-04-05', 6, 1),
(5, '2021-04-05', 8, 1),
(3, '2021-04-06', 3, 1),
(4, '2021-04-06', 10, 1),
(5, '2021-04-06', 8, 1),
(3, '2021-04-07', 11, 1),
(4, '2021-04-07', 3, 1),
(5, '2021-04-07', 8, 1),
(3, '2021-04-08', 9, 1),
(4, '2021-04-08', 3, 1),
(5, '2021-04-08', 8, 1),
(3, '2021-04-09', 4, 1),
(4, '2021-04-09', 5, 1),
(5, '2021-04-09', 6, 1),
(3, '2021-04-10', 6, 1),
(4, '2021-04-10', 11, 1),
(5, '2021-04-10', 0, 1),
(3, '2021-04-11', 7, 1),
(4, '2021-04-11', 7, 1),
(5, '2021-04-11', 0, 1),
(6, '2021-04-11', 0, 1),
(3, '2021-04-12', 10, 1),
(4, '2021-04-12', 6, 4),
(5, '2021-04-12', 8, 1),
(6, '2021-04-12', 8, 1),
(3, '2021-04-13', 3, 1),
(4, '2021-04-13', 5, 1),
(5, '2021-04-13', 8, 1),
(6, '2021-04-13', 8, 1),
(3, '2021-04-14', 9, 1),
(4, '2021-04-14', 12, 1),
(5, '2021-04-14', 8, 1),
(6, '2021-04-14', 8, 1),
(3, '2021-04-15', 2, 1),
(4, '2021-04-15', 3, 1),
(5, '2021-04-15', 8, 1),
(6, '2021-04-15', 8, 1),
(3, '2021-04-16', 0, 1),
(4, '2021-04-16', 10, 1),
(5, '2021-04-16', 6, 1),
(6, '2021-04-16', 8, 1),
(3, '2021-04-17', 7, 1),
(4, '2021-04-17', 7, 1),
(5, '2021-04-17', 0, 1),
(6, '2021-04-17', 0, 1),
(3, '2021-04-18', 7, 1),
(4, '2021-04-18', 12, 1),
(5, '2021-04-18', 0, 1),
(6, '2021-04-18', 0, 1),
(3, '2021-04-19', 11, 1),
(4, '2021-04-19', 9, 1),
(5, '2021-04-19', 8, 1),
(6, '2021-04-19', 8, 1),
(3, '2021-04-20', 11, 1),
(4, '2021-04-20', 7, 1),
(5, '2021-04-20', 8, 1),
(6, '2021-04-20', 8, 1),
(3, '2021-04-21', 7, 1),
(4, '2021-04-21', 1, 1),
(5, '2021-04-21', 8, 1),
(6, '2021-04-21', 8, 1),
(3, '2021-04-22', 12, 1),
(4, '2021-04-22', 11, 1),
(5, '2021-04-22', 8, 1),
(6, '2021-04-22', 8, 1),
(3, '2021-04-23', 3, 1),
(4, '2021-04-23', 2, 1),
(5, '2021-04-23', 6, 1),
(6, '2021-04-23', 8, 1),
(3, '2021-04-24', 8, 1),
(4, '2021-04-24', 4, 1),
(5, '2021-04-24', 0, 1),
(6, '2021-04-24', 0, 1),
(3, '2021-04-25', 11, 1),
(4, '2021-04-25', 11, 1),
(5, '2021-04-25', 0, 1),
(6, '2021-04-25', 0, 1),
(3, '2021-04-26', 3, 1),
(4, '2021-04-26', 12, 1),
(5, '2021-04-26', 8, 1),
(6, '2021-04-26', 8, 1),
(3, '2021-04-27', 6, 1),
(4, '2021-04-27', 2, 1),
(5, '2021-04-27', 8, 1),
(6, '2021-04-27', 8, 1),
(3, '2021-04-28', 2, 1),
(4, '2021-04-28', 12, 1),
(5, '2021-04-28', 8, 1),
(6, '2021-04-28', 8, 1),
(3, '2021-04-29', 5, 1),
(4, '2021-04-29', 11, 1),
(5, '2021-04-29', 8, 1),
(6, '2021-04-29', 8, 1),
(3, '2021-04-30', 2, 1),
(4, '2021-04-30', 5, 1),
(5, '2021-04-30', 6, 1),
(6, '2021-04-30', 8, 6),
(3, '2021-05-01', 11, 1),
(4, '2021-05-01', 2, 1),
(5, '2021-05-01', 0, 1),
(6, '2021-05-01', 0, 1),
(3, '2021-05-02', 2, 1),
(4, '2021-05-02', 12, 1),
(5, '2021-05-02', 0, 1),
(6, '2021-05-02', 0, 1),
(3, '2021-05-03', 10, 1),
(4, '2021-05-03', 2, 1),
(5, '2021-05-03', 8, 1),
(6, '2021-05-03', 8, 1),
(3, '2021-05-04', 1, 1),
(4, '2021-05-04', 1, 1),
(5, '2021-05-04', 8, 1),
(6, '2021-05-04', 8, 1),
(3, '2021-05-05', 3, 1),
(4, '2021-05-05', 9, 1),
(5, '2021-05-05', 8, 1),
(6, '2021-05-05', 8, 1),
(3, '2021-05-06', 10, 1),
(4, '2021-05-06', 12, 6),
(5, '2021-05-06', 8, 1),
(6, '2021-05-06', 8, 1),
(3, '2021-05-07', 3, 1),
(4, '2021-05-07', 2, 1),
(5, '2021-05-07', 6, 1),
(6, '2021-05-07', 8, 1),
(3, '2021-05-08', 1, 1),
(4, '2021-05-08', 9, 1),
(5, '2021-05-08', 0, 1),
(6, '2021-05-08', 0, 1),
(3, '2021-05-09', 5, 1),
(4, '2021-05-09', 5, 1),
(5, '2021-05-09', 0, 1),
(6, '2021-05-09', 0, 1),
(3, '2021-05-10', 5, 1),
(4, '2021-05-10', 10, 1),
(5, '2021-05-10', 8, 1),
(6, '2021-05-10', 8, 1),
(3, '2021-05-11', 11, 1),
(4, '2021-05-11', 9, 1),
(5, '2021-05-11', 8, 1),
(6, '2021-05-11', 8, 1),
(3, '2021-05-12', 9, 1),
(4, '2021-05-12', 1, 1),
(5, '2021-05-12', 8, 1),
(6, '2021-05-12', 8, 1),
(3, '2021-05-13', 11, 1),
(4, '2021-05-13', 0, 1),
(5, '2021-05-13', 8, 1),
(6, '2021-05-13', 8, 1),
(3, '2021-05-14', 12, 1),
(4, '2021-05-14', 3, 1),
(5, '2021-05-14', 6, 1),
(6, '2021-05-14', 8, 1),
(3, '2021-05-15', 2, 1),
(4, '2021-05-15', 4, 1),
(5, '2021-05-15', 0, 1),
(6, '2021-05-15', 0, 1),
(3, '2021-05-16', 7, 1),
(4, '2021-05-16', 1, 1),
(5, '2021-05-16', 0, 1),
(6, '2021-05-16', 0, 1),
(3, '2021-05-17', 3, 1),
(4, '2021-05-17', 0, 1),
(5, '2021-05-17', 8, 1),
(6, '2021-05-17', 8, 1),
(3, '2021-05-18', 5, 1),
(4, '2021-05-18', 3, 1),
(5, '2021-05-18', 8, 1),
(6, '2021-05-18', 8, 1),
(3, '2021-05-19', 6, 1),
(4, '2021-05-19', 9, 1),
(5, '2021-05-19', 8, 3),
(6, '2021-05-19', 8, 1),
(3, '2021-05-20', 5, 1),
(4, '2021-05-20', 11, 1),
(5, '2021-05-20', 8, 1),
(6, '2021-05-20', 8, 1),
(3, '2021-05-21', 8, 1),
(4, '2021-05-21', 8, 1),
(5, '2021-05-21', 6, 1),
(6, '2021-05-21', 8, 1),
(3, '2021-05-22', 2, 1),
(4, '2021-05-22', 12, 1),
(5, '2021-05-22', 0, 1),
(6, '2021-05-22', 0, 1),
(3, '2021-05-23', 7, 1),
(4, '2021-05-23', 2, 1),
(5, '2021-05-23', 0, 1),
(6, '2021-05-23', 0, 1),
(3, '2021-05-24', 0, 1),
(4, '2021-05-24', 10, 1),
(5, '2021-05-24', 8, 1),
(6, '2021-05-24', 8, 1),
(3, '2021-05-25', 1, 1),
(4, '2021-05-25', 5, 1),
(5, '2021-05-25', 8, 1),
(6, '2021-05-25', 8, 1),
(3, '2021-05-26', 4, 1),
(4, '2021-05-26', 11, 1),
(5, '2021-05-26', 8, 1),
(6, '2021-05-26', 8, 1),
(3, '2021-05-27', 4, 1),
(4, '2021-05-27', 8, 1),
(5, '2021-05-27', 8, 1),
(6, '2021-05-27', 8, 1),
(3, '2021-05-28', 8, 1),
(4, '2021-05-28', 10, 1),
(5, '2021-05-28', 6, 1),
(6, '2021-05-28', 8, 1),
(3, '2021-05-29', 7, 4),
(4, '2021-05-29', 7, 1),
(5, '2021-05-29', 0, 1),
(6, '2021-05-29', 0, 1),
(3, '2021-05-30', 12, 1),
(4, '2021-05-30', 9, 1),
(5, '2021-05-30', 0, 1),
(6, '2021-05-30', 0, 1),
(3, '2021-05-31', 6, 1),
(4, '2021-05-31', 9, 1),
(5, '2021-05-31', 8, 1),
(6, '2021-05-31', 8, 1),
(3, '2021-06-01', 11, 1),
(4, '2021-06-01', 2, 1),
(5, '2021-06-01', 8, 5),
(6, '2021-06-01', 8, 2),
(3, '2021-06-02', 6, 1),
(4, '2021-06-02', 2, 1),
(5, '2021-06-02', 8, 1),
(6, '2021-06-02', 8, 1),
(3, '2021-06-03', 11, 1),
(4, '2021-06-03', 5, 1),
(5, '2021-06-03', 8, 1),
(6, '2021-06-03', 8, 1),
(3, '2021-06-04', 3, 1),
(4, '2021-06-04', 6, 1),
(5, '2021-06-04', 6, 1),
(6, '2021-06-04', 8, 1),
(3, '2021-06-05', 8, 1),
(4, '2021-06-05', 6, 1),
(5, '2021-06-05', 0, 1),
(6, '2021-06-05', 0, 1),
(3, '2021-06-06', 5, 1),
(4, '2021-06-06', 6, 1),
(5, '2021-06-06', 0, 1),
(6, '2021-06-06', 0, 1),
(3, '2021-06-07', 4, 1),
(4, '2021-06-07', 4, 1),
(5, '2021-06-07', 8, 1),
(6, '2021-06-07', 8, 1),
(3, '2021-06-08', 10, 1),
(4, '2021-06-08', 7, 1),
(5, '2021-06-08', 8, 1),
(6, '2021-06-08', 8, 1),
(3, '2021-06-09', 5, 1),
(4, '2021-06-09', 0, 1),
(5, '2021-06-09', 8, 1),
(6, '2021-06-09', 8, 1),
(3, '2021-06-10', 4, 1),
(4, '2021-06-10', 6, 1),
(5, '2021-06-10', 8, 1),
(6, '2021-06-10', 8, 1),
(3, '2021-06-11', 9, 1),
(4, '2021-06-11', 8, 4),
(5, '2021-06-11', 6, 1),
(6, '2021-06-11', 8, 1),
(3, '2021-06-12', 1, 1),
(4, '2021-06-12', 1, 1),
(5, '2021-06-12', 0, 1),
(6, '2021-06-12', 0, 1),
(3, '2021-06-13', 4, 1),
(4, '2021-06-13', 9, 1),
(5, '2021-06-13', 0, 1),
(6, '2021-06-13', 0, 1),
(3, '2021-06-14', 4, 1),
(4, '2021-06-14', 5, 1),
(5, '2021-06-14', 8, 3),
(6, '2021-06-14', 8, 1),
(3, '2021-06-15', 4, 1),
(4, '2021-06-15', 1, 1),
(5, '2021-06-15', 8, 1),
(6, '2021-06-15', 8, 1),
(3, '2021-06-16', 5, 1),
(4, '2021-06-16', 11, 1),
(5, '2021-06-16', 8, 1),
(6, '2021-06-16', 8, 6),
(3, '2021-06-17', 6, 1),
(4, '2021-06-17', 4, 1),
(5, '2021-06-17', 8, 1),
(6, '2021-06-17', 8, 1),
(3, '2021-06-18', 10, 1),
(4, '2021-06-18', 11, 1),
(5, '2021-06-18', 6, 1),
(6, '2021-06-18', 8, 1),
(3, '2021-06-19', 0, 1),
(4, '2021-06-19', 10, 1),
(5, '2021-06-19', 0, 1),
(6, '2021-06-19', 0, 1),
(3, '2021-06-20', 3, 1),
(4, '2021-06-20', 2, 1),
(5, '2021-06-20', 0, 1),
(6, '2021-06-20', 0, 1),
(3, '2021-06-21', 5, 1),
(4, '2021-06-21', 11, 1),
(5, '2021-06-21', 8, 1),
(6, '2021-06-21', 8, 1),
(3, '2021-06-22', 5, 1),
(4, '2021-06-22', 1, 1),
(5, '2021-06-22', 8, 1),
(6, '2021-06-22', 8, 1),
(3, '2021-06-23', 8, 1),
(4, '2021-06-23', 3, 1),
(5, '2021-06-23', 8, 1),
(6, '2021-06-23', 8, 1),
(3, '2021-06-24', 4, 1),
(4, '2021-06-24', 2, 1),
(5, '2021-06-24', 8, 1),
(6, '2021-06-24', 8, 1),
(3, '2021-06-25', 5, 1),
(4, '2021-06-25', 3, 1),
(5, '2021-06-25', 6, 1),
(6, '2021-06-25', 8, 1),
(3, '2021-06-26', 9, 1),
(4, '2021-06-26', 7, 1),
(5, '2021-06-26', 0, 1),
(6, '2021-06-26', 0, 1),
(3, '2021-06-27', 8, 1),
(4, '2021-06-27', 8, 1),
(5, '2021-06-27', 0, 1),
(6, '2021-06-27', 0, 1),
(3, '2021-06-28', 7, 1),
(4, '2021-06-28', 12, 1),
(5, '2021-06-28', 8, 1),
(6, '2021-06-28', 8, 1),
(3, '2021-06-29', 6, 1),
(4, '2021-06-29', 11, 1),
(5, '2021-06-29', 8, 1),
(6, '2021-06-29', 8, 1),
(3, '2021-06-30', 0, 1),
(4, '2021-06-30', 8, 1),
(5, '2021-06-30', 8, 1),
(6, '2021-06-30', 8, 1),
(3, '2021-07-01', 6, 1),
(4, '2021-07-01', 11, 1),
(5, '2021-07-01', 8, 1),
(6, '2021-07-01', 8, 1),
(3, '2021-07-02', 8, 1),
(4, '2021-07-02', 1, 1),
(5, '2021-07-02', 6, 1),
(6, '2021-07-02', 8, 1),
(3, '2021-07-03', 9, 1),
(4, '2021-07-03', 3, 1),
(5, '2021-07-03', 0, 1),
(6, '2021-07-03', 0, 1),
(3, '2021-07-04', 5, 1),
(4, '2021-07-04', 1, 1),
(5, '2021-07-04', 0, 1),
(6, '2021-07-04', 0, 1),
(3, '2021-07-05', 10, 1),
(4, '2021-07-05', 2, 1),
(5, '2021-07-05', 8, 1),
(6, '2021-07-05', 8, 1),
(3, '2021-07-06', 7, 1),
(4, '2021-07-06', 4, 1),
(5, '2021-07-06', 8, 1),
(6, '2021-07-06', 8, 6),
(3, '2021-07-07', 3, 5),
(4, '2021-07-07', 6, 1),
(5, '2021-07-07', 8, 1),
(6, '2021-07-07', 8, 2),
(3, '2021-07-08', 7, 1),
(4, '2021-07-08', 2, 1),
(5, '2021-07-08', 8, 1),
(6, '2021-07-08', 8, 1),
(3, '2021-07-09', 12, 1),
(4, '2021-07-09', 10, 3),
(5, '2021-07-09', 6, 1),
(6, '2021-07-09', 8, 1),
(3, '2021-07-10', 10, 1),
(4, '2021-07-10', 9, 1),
(5, '2021-07-10', 0, 1),
(6, '2021-07-10', 0, 1),
(3, '2021-07-11', 7, 1),
(4, '2021-07-11', 0, 1),
(5, '2021-07-11', 0, 1),
(6, '2021-07-11', 0, 1),
(3, '2021-07-12', 12, 3),
(4, '2021-07-12', 2, 1),
(5, '2021-07-12', 8, 1),
(6, '2021-07-12', 8, 1),
(3, '2021-07-13', 5, 1),
(4, '2021-07-13', 8, 1),
(5, '2021-07-13', 8, 1),
(6, '2021-07-13', 8, 1),
(3, '2021-07-14', 3, 1),
(4, '2021-07-14', 1, 1),
(5, '2021-07-14', 8, 1),
(6, '2021-07-14', 8, 1),
(3, '2021-07-15', 4, 1),
(4, '2021-07-15', 10, 1),
(5, '2021-07-15', 8, 1),
(6, '2021-07-15', 8, 1),
(3, '2021-07-16', 6, 1),
(4, '2021-07-16', 3, 1),
(5, '2021-07-16', 6, 1),
(6, '2021-07-16', 8, 1),
(3, '2021-07-17', 6, 1),
(4, '2021-07-17', 12, 1),
(5, '2021-07-17', 0, 1),
(6, '2021-07-17', 0, 1),
(3, '2021-07-18', 0, 1),
(4, '2021-07-18', 11, 1),
(5, '2021-07-18', 0, 1),
(6, '2021-07-18', 0, 1),
(3, '2021-07-19', 9, 1),
(4, '2021-07-19', 2, 1),
(5, '2021-07-19', 8, 1),
(6, '2021-07-19', 8, 1),
(3, '2021-07-20', 6, 1),
(4, '2021-07-20', 3, 1),
(5, '2021-07-20', 8, 1),
(6, '2021-07-20', 8, 1),
(3, '2021-07-21', 8, 1),
(4, '2021-07-21', 2, 1),
(5, '2021-07-21', 8, 1),
(6, '2021-07-21', 8, 1),
(3, '2021-07-22', 6, 1),
(4, '2021-07-22', 10, 1),
(5, '2021-07-22', 8, 1),
(6, '2021-07-22', 8, 1),
(3, '2021-07-23', 10, 1),
(4, '2021-07-23', 12, 1),
(5, '2021-07-23', 6, 1),
(6, '2021-07-23', 8, 1),
(3, '2021-07-24', 11, 1),
(4, '2021-07-24', 2, 1),
(5, '2021-07-24', 0, 1),
(6, '2021-07-24', 0, 1),
(3, '2021-07-25', 7, 1),
(4, '2021-07-25', 5, 1),
(5, '2021-07-25', 0, 1),
(6, '2021-07-25', 0, 1),
(3, '2021-07-26', 3, 1),
(4, '2021-07-26', 9, 1),
(5, '2021-07-26', 8, 1),
(6, '2021-07-26', 8, 1),
(3, '2021-07-27', 10, 1),
(4, '2021-07-27', 5, 1),
(5, '2021-07-27', 8, 1),
(6, '2021-07-27', 8, 1),
(3, '2021-07-28', 8, 1),
(4, '2021-07-28', 1, 3),
(5, '2021-07-28', 8, 1),
(6, '2021-07-28', 8, 1),
(3, '2021-07-29', 7, 1),
(4, '2021-07-29', 10, 1),
(5, '2021-07-29', 8, 1),
(6, '2021-07-29', 8, 1),
(3, '2021-07-30', 6, 1),
(4, '2021-07-30', 0, 1),
(5, '2021-07-30', 6, 1),
(6, '2021-07-30', 8, 1),
(3, '2021-07-31', 1, 1),
(4, '2021-07-31', 1, 1),
(5, '2021-07-31', 0, 1),
(6, '2021-07-31', 0, 1),
(3, '2021-08-01', 12, 1),
(4, '2021-08-01', 11, 1),
(5, '2021-08-01', 0, 1),
(6, '2021-08-01', 0, 1),
(3, '2021-08-02', 11, 1),
(4, '2021-08-02', 2, 1),
(5, '2021-08-02', 8, 1),
(6, '2021-08-02', 8, 1),
(3, '2021-08-03', 10, 1),
(4, '2021-08-03', 9, 1),
(5, '2021-08-03', 8, 1),
(6, '2021-08-03', 8, 1),
(3, '2021-08-04', 5, 1),
(4, '2021-08-04', 5, 1),
(5, '2021-08-04', 8, 1),
(6, '2021-08-04', 8, 1),
(3, '2021-08-05', 0, 1),
(4, '2021-08-05', 1, 1),
(5, '2021-08-05', 8, 1),
(6, '2021-08-05', 8, 1),
(3, '2021-08-06', 6, 1),
(4, '2021-08-06', 7, 1),
(5, '2021-08-06', 6, 1),
(6, '2021-08-06', 8, 1),
(3, '2021-08-07', 12, 1),
(4, '2021-08-07', 9, 1),
(5, '2021-08-07', 0, 1),
(6, '2021-08-07', 0, 1),
(3, '2021-08-08', 3, 1),
(4, '2021-08-08', 8, 1),
(5, '2021-08-08', 0, 1),
(6, '2021-08-08', 0, 1),
(3, '2021-08-09', 1, 1),
(4, '2021-08-09', 6, 1),
(5, '2021-08-09', 8, 1),
(6, '2021-08-09', 8, 1),
(3, '2021-08-10', 6, 1),
(4, '2021-08-10', 5, 1),
(5, '2021-08-10', 8, 1),
(6, '2021-08-10', 8, 1),
(3, '2021-08-11', 9, 1),
(4, '2021-08-11', 0, 1),
(5, '2021-08-11', 8, 1),
(6, '2021-08-11', 8, 1),
(3, '2021-08-12', 0, 1),
(4, '2021-08-12', 7, 1),
(5, '2021-08-12', 8, 1),
(6, '2021-08-12', 8, 1),
(3, '2021-08-13', 9, 1),
(4, '2021-08-13', 9, 2),
(5, '2021-08-13', 6, 1),
(6, '2021-08-13', 8, 1),
(3, '2021-08-14', 0, 1),
(4, '2021-08-14', 7, 1),
(5, '2021-08-14', 0, 1),
(6, '2021-08-14', 0, 1),
(3, '2021-08-15', 12, 1),
(4, '2021-08-15', 5, 1),
(5, '2021-08-15', 0, 1),
(6, '2021-08-15', 0, 1),
(3, '2021-08-16', 3, 1),
(4, '2021-08-16', 2, 1),
(5, '2021-08-16', 8, 1),
(6, '2021-08-16', 8, 1),
(3, '2021-08-17', 11, 1),
(4, '2021-08-17', 0, 1),
(5, '2021-08-17', 8, 1),
(6, '2021-08-17', 8, 1),
(3, '2021-08-18', 9, 1),
(4, '2021-08-18', 10, 1),
(5, '2021-08-18', 8, 1),
(6, '2021-08-18', 8, 1),
(3, '2021-08-19', 7, 1),
(4, '2021-08-19', 8, 1),
(5, '2021-08-19', 8, 1),
(6, '2021-08-19', 8, 1),
(3, '2021-08-20', 4, 1),
(4, '2021-08-20', 2, 1),
(5, '2021-08-20', 6, 1),
(6, '2021-08-20', 8, 1),
(3, '2021-08-21', 5, 1),
(4, '2021-08-21', 0, 1),
(5, '2021-08-21', 0, 1),
(6, '2021-08-21', 0, 1),
(3, '2021-08-22', 5, 1),
(4, '2021-08-22', 3, 1),
(5, '2021-08-22', 0, 1),
(6, '2021-08-22', 0, 1),
(3, '2021-08-23', 6, 1),
(4, '2021-08-23', 1, 1),
(5, '2021-08-23', 8, 1),
(6, '2021-08-23', 8, 1),
(3, '2021-08-24', 7, 1),
(4, '2021-08-24', 6, 1),
(5, '2021-08-24', 8, 1),
(6, '2021-08-24', 8, 1),
(3, '2021-08-25', 1, 1),
(4, '2021-08-25', 9, 1),
(5, '2021-08-25', 8, 1),
(6, '2021-08-25', 8, 1),
(3, '2021-08-26', 1, 1),
(4, '2021-08-26', 4, 1),
(5, '2021-08-26', 8, 1),
(6, '2021-08-26', 8, 1),
(3, '2021-08-27', 1, 1),
(4, '2021-08-27', 10, 2),
(5, '2021-08-27', 6, 1),
(6, '2021-08-27', 8, 1),
(3, '2021-08-28', 1, 1),
(4, '2021-08-28', 11, 1),
(5, '2021-08-28', 0, 1),
(6, '2021-08-28', 0, 1),
(3, '2021-08-29', 0, 1),
(4, '2021-08-29', 6, 1),
(5, '2021-08-29', 0, 1),
(6, '2021-08-29', 0, 1),
(3, '2021-08-30', 8, 1),
(4, '2021-08-30', 11, 1),
(5, '2021-08-30', 8, 1),
(6, '2021-08-30', 8, 6),
(3, '2021-08-31', 4, 1),
(4, '2021-08-31', 9, 1),
(5, '2021-08-31', 8, 1),
(6, '2021-08-31', 8, 1),
(3, '2021-09-01', 2, 1),
(4, '2021-09-01', 8, 1),
(5, '2021-09-01', 8, 1),
(6, '2021-09-01', 8, 1),
(3, '2021-09-02', 10, 1),
(4, '2021-09-02', 10, 1),
(5, '2021-09-02', 8, 1),
(6, '2021-09-02', 8, 1),
(3, '2021-09-03', 4, 1),
(4, '2021-09-03', 12, 1),
(5, '2021-09-03', 6, 1),
(6, '2021-09-03', 8, 1),
(3, '2021-09-04', 6, 1),
(4, '2021-09-04', 7, 1),
(5, '2021-09-04', 0, 1),
(6, '2021-09-04', 0, 1),
(3, '2021-09-05', 11, 1),
(4, '2021-09-05', 12, 1),
(5, '2021-09-05', 0, 1),
(6, '2021-09-05', 0, 1),
(3, '2021-09-06', 0, 1),
(4, '2021-09-06', 12, 1),
(5, '2021-09-06', 8, 1),
(6, '2021-09-06', 8, 1),
(3, '2021-09-07', 3, 1),
(4, '2021-09-07', 3, 1),
(5, '2021-09-07', 8, 1),
(6, '2021-09-07', 8, 1),
(3, '2021-09-08', 4, 1),
(4, '2021-09-08', 11, 1),
(5, '2021-09-08', 8, 1),
(6, '2021-09-08', 8, 1),
(3, '2021-09-09', 2, 1),
(4, '2021-09-09', 5, 1),
(5, '2021-09-09', 8, 1),
(6, '2021-09-09', 8, 1),
(3, '2021-09-10', 3, 1),
(4, '2021-09-10', 12, 1),
(5, '2021-09-10', 6, 1),
(6, '2021-09-10', 8, 1),
(3, '2021-09-11', 12, 1),
(4, '2021-09-11', 7, 1),
(5, '2021-09-11', 0, 1),
(6, '2021-09-11', 0, 1),
(3, '2021-09-12', 11, 1),
(4, '2021-09-12', 0, 1),
(5, '2021-09-12', 0, 1),
(6, '2021-09-12', 0, 1),
(3, '2021-09-13', 10, 1),
(4, '2021-09-13', 2, 1),
(5, '2021-09-13', 8, 1),
(6, '2021-09-13', 8, 1),
(3, '2021-09-14', 9, 1),
(4, '2021-09-14', 6, 6),
(5, '2021-09-14', 8, 1),
(6, '2021-09-14', 8, 1),
(3, '2021-09-15', 3, 1),
(4, '2021-09-15', 2, 1),
(5, '2021-09-15', 8, 1),
(6, '2021-09-15', 8, 1),
(3, '2021-09-16', 1, 1),
(4, '2021-09-16', 7, 1),
(5, '2021-09-16', 8, 1),
(6, '2021-09-16', 8, 1),
(3, '2021-09-17', 0, 1),
(4, '2021-09-17', 6, 1),
(5, '2021-09-17', 6, 1),
(6, '2021-09-17', 8, 1),
(3, '2021-09-18', 4, 1),
(4, '2021-09-18', 0, 1),
(5, '2021-09-18', 0, 1),
(6, '2021-09-18', 0, 1),
(3, '2021-09-19', 1, 1),
(4, '2021-09-19', 5, 1),
(5, '2021-09-19', 0, 1),
(6, '2021-09-19', 0, 1),
(3, '2021-09-20', 9, 1),
(4, '2021-09-20', 0, 1),
(5, '2021-09-20', 8, 1),
(6, '2021-09-20', 8, 1),
(3, '2021-09-21', 6, 1),
(4, '2021-09-21', 12, 1),
(5, '2021-09-21', 8, 1),
(6, '2021-09-21', 8, 1),
(3, '2021-09-22', 9, 1),
(4, '2021-09-22', 0, 1),
(5, '2021-09-22', 8, 1),
(6, '2021-09-22', 8, 1),
(3, '2021-09-23', 11, 1),
(4, '2021-09-23', 0, 1),
(5, '2021-09-23', 8, 1),
(6, '2021-09-23', 8, 1),
(3, '2021-09-24', 12, 1),
(4, '2021-09-24', 5, 1),
(5, '2021-09-24', 6, 1),
(6, '2021-09-24', 8, 1),
(3, '2021-09-25', 2, 1),
(4, '2021-09-25', 2, 1),
(5, '2021-09-25', 0, 1),
(6, '2021-09-25', 0, 1),
(3, '2021-09-26', 2, 1),
(4, '2021-09-26', 8, 1),
(5, '2021-09-26', 0, 1),
(6, '2021-09-26', 0, 1),
(3, '2021-09-27', 8, 1),
(4, '2021-09-27', 7, 1),
(5, '2021-09-27', 8, 1),
(6, '2021-09-27', 8, 1),
(3, '2021-09-28', 6, 1),
(4, '2021-09-28', 8, 1),
(5, '2021-09-28', 8, 1),
(6, '2021-09-28', 8, 1),
(3, '2021-09-29', 10, 1),
(4, '2021-09-29', 12, 1),
(5, '2021-09-29', 8, 1),
(6, '2021-09-29', 8, 1),
(3, '2021-09-30', 9, 1),
(4, '2021-09-30', 0, 1),
(5, '2021-09-30', 8, 1),
(6, '2021-09-30', 8, 1),
(3, '2021-10-01', 2, 1),
(4, '2021-10-01', 4, 1),
(5, '2021-10-01', 6, 1),
(6, '2021-10-01', 8, 1),
(3, '2021-10-02', 9, 1),
(4, '2021-10-02', 12, 1),
(5, '2021-10-02', 0, 1),
(6, '2021-10-02', 0, 1),
(3, '2021-10-03', 11, 1),
(4, '2021-10-03', 9, 1),
(5, '2021-10-03', 0, 1),
(6, '2021-10-03', 0, 1),
(3, '2021-10-04', 6, 1),
(4, '2021-10-04', 0, 1),
(5, '2021-10-04', 8, 1),
(6, '2021-10-04', 8, 1),
(3, '2021-10-05', 8, 1),
(4, '2021-10-05', 0, 1),
(5, '2021-10-05', 8, 1),
(6, '2021-10-05', 8, 1),
(3, '2021-10-06', 1, 1),
(4, '2021-10-06', 2, 1),
(5, '2021-10-06', 8, 1),
(6, '2021-10-06', 8, 1),
(3, '2021-10-07', 6, 1),
(4, '2021-10-07', 4, 1),
(5, '2021-10-07', 8, 1),
(6, '2021-10-07', 8, 1),
(3, '2021-10-08', 12, 1),
(4, '2021-10-08', 9, 1),
(5, '2021-10-08', 6, 1),
(6, '2021-10-08', 8, 1),
(3, '2021-10-09', 9, 1),
(4, '2021-10-09', 3, 1),
(5, '2021-10-09', 0, 1),
(6, '2021-10-09', 0, 1),
(3, '2021-10-10', 9, 1),
(4, '2021-10-10', 6, 1),
(5, '2021-10-10', 0, 1),
(6, '2021-10-10', 0, 1),
(3, '2021-10-11', 10, 1),
(4, '2021-10-11', 3, 1),
(5, '2021-10-11', 8, 1),
(6, '2021-10-11', 8, 1),
(3, '2021-10-12', 11, 1),
(4, '2021-10-12', 5, 1),
(5, '2021-10-12', 8, 1),
(6, '2021-10-12', 8, 1),
(3, '2021-10-13', 7, 1),
(4, '2021-10-13', 11, 1),
(5, '2021-10-13', 8, 1),
(6, '2021-10-13', 8, 1),
(3, '2021-10-14', 8, 1),
(4, '2021-10-14', 11, 1),
(5, '2021-10-14', 8, 1),
(6, '2021-10-14', 8, 1),
(3, '2021-10-15', 10, 1),
(4, '2021-10-15', 5, 1),
(5, '2021-10-15', 6, 1),
(6, '2021-10-15', 8, 1),
(3, '2021-10-16', 2, 1),
(4, '2021-10-16', 4, 1),
(5, '2021-10-16', 0, 1),
(6, '2021-10-16', 0, 1),
(3, '2021-10-17', 2, 1),
(4, '2021-10-17', 0, 1),
(5, '2021-10-17', 0, 1),
(6, '2021-10-17', 0, 1),
(3, '2021-10-18', 2, 1),
(4, '2021-10-18', 2, 1),
(5, '2021-10-18', 8, 4),
(6, '2021-10-18', 8, 1),
(3, '2021-10-19', 1, 1),
(4, '2021-10-19', 2, 1),
(5, '2021-10-19', 8, 1),
(6, '2021-10-19', 8, 1),
(3, '2021-10-20', 11, 1),
(4, '2021-10-20', 7, 1),
(5, '2021-10-20', 8, 1),
(6, '2021-10-20', 8, 1),
(3, '2021-10-21', 12, 1),
(4, '2021-10-21', 10, 1),
(5, '2021-10-21', 8, 1),
(6, '2021-10-21', 8, 1),
(3, '2021-10-22', 2, 1),
(4, '2021-10-22', 10, 1),
(5, '2021-10-22', 6, 1),
(6, '2021-10-22', 8, 1),
(3, '2021-10-23', 2, 1),
(4, '2021-10-23', 1, 1),
(5, '2021-10-23', 0, 1),
(6, '2021-10-23', 0, 1),
(3, '2021-10-24', 9, 1),
(4, '2021-10-24', 10, 1),
(5, '2021-10-24', 0, 1),
(6, '2021-10-24', 0, 1),
(3, '2021-10-25', 3, 1),
(4, '2021-10-25', 0, 1),
(5, '2021-10-25', 8, 1),
(6, '2021-10-25', 8, 1),
(3, '2021-10-26', 3, 1),
(4, '2021-10-26', 7, 1),
(5, '2021-10-26', 8, 1),
(6, '2021-10-26', 8, 1),
(3, '2021-10-27', 2, 1),
(4, '2021-10-27', 10, 1),
(5, '2021-10-27', 8, 1),
(6, '2021-10-27', 8, 1),
(3, '2021-10-28', 4, 1),
(4, '2021-10-28', 10, 1),
(5, '2021-10-28', 8, 1),
(6, '2021-10-28', 8, 1),
(3, '2021-10-29', 4, 1),
(4, '2021-10-29', 5, 1),
(5, '2021-10-29', 6, 1),
(6, '2021-10-29', 8, 1),
(3, '2021-10-30', 10, 5),
(4, '2021-10-30', 10, 1),
(5, '2021-10-30', 0, 1),
(6, '2021-10-30', 0, 1),
(3, '2021-10-31', 10, 1),
(4, '2021-10-31', 0, 1),
(5, '2021-10-31', 0, 1),
(6, '2021-10-31', 0, 1),
(3, '2021-11-01', 4, 1),
(4, '2021-11-01', 1, 1),
(5, '2021-11-01', 8, 1),
(6, '2021-11-01', 8, 1),
(3, '2021-11-02', 1, 1),
(4, '2021-11-02', 2, 1),
(5, '2021-11-02', 8, 2),
(6, '2021-11-02', 8, 1),
(3, '2021-11-03', 0, 1),
(4, '2021-11-03', 2, 1),
(5, '2021-11-03', 8, 1),
(6, '2021-11-03', 8, 1),
(3, '2021-11-04', 3, 1),
(4, '2021-11-04', 4, 1),
(5, '2021-11-04', 8, 1),
(6, '2021-11-04', 8, 1),
(3, '2021-11-05', 8, 1),
(4, '2021-11-05', 5, 1),
(5, '2021-11-05', 6, 1),
(6, '2021-11-05', 8, 1),
(3, '2021-11-06', 8, 1),
(4, '2021-11-06', 7, 1),
(5, '2021-11-06', 0, 1),
(6, '2021-11-06', 0, 1),
(3, '2021-11-07', 9, 1),
(4, '2021-11-07', 6, 1),
(5, '2021-11-07', 0, 1),
(6, '2021-11-07', 0, 1),
(3, '2021-11-08', 10, 1),
(4, '2021-11-08', 11, 1),
(5, '2021-11-08', 8, 1),
(6, '2021-11-08', 8, 1),
(3, '2021-11-09', 6, 1),
(4, '2021-11-09', 11, 1),
(5, '2021-11-09', 8, 1),
(6, '2021-11-09', 8, 1),
(3, '2021-11-10', 6, 1),
(4, '2021-11-10', 1, 1),
(5, '2021-11-10', 8, 3),
(6, '2021-11-10', 8, 1),
(3, '2021-11-11', 11, 1),
(4, '2021-11-11', 1, 1),
(5, '2021-11-11', 8, 1),
(6, '2021-11-11', 8, 1),
(3, '2021-11-12', 10, 1),
(4, '2021-11-12', 9, 1),
(5, '2021-11-12', 6, 1),
(6, '2021-11-12', 8, 1),
(3, '2021-11-13', 2, 1),
(4, '2021-11-13', 12, 1),
(5, '2021-11-13', 0, 1),
(6, '2021-11-13', 0, 1),
(3, '2021-11-14', 3, 1),
(4, '2021-11-14', 3, 4),
(5, '2021-11-14', 0, 1),
(6, '2021-11-14', 0, 1),
(3, '2021-11-15', 2, 1),
(4, '2021-11-15', 1, 1),
(5, '2021-11-15', 8, 1),
(6, '2021-11-15', 8, 1),
(3, '2021-11-16', 11, 1),
(4, '2021-11-16', 8, 1),
(5, '2021-11-16', 8, 1),
(6, '2021-11-16', 8, 1),
(3, '2021-11-17', 5, 1),
(4, '2021-11-17', 8, 1),
(5, '2021-11-17', 8, 1),
(6, '2021-11-17', 8, 1),
(3, '2021-11-18', 0, 1),
(4, '2021-11-18', 12, 1),
(5, '2021-11-18', 8, 1),
(6, '2021-11-18', 8, 1),
(3, '2021-11-19', 2, 1),
(4, '2021-11-19', 6, 1),
(5, '2021-11-19', 6, 1),
(6, '2021-11-19', 8, 1),
(3, '2021-11-20', 12, 1),
(4, '2021-11-20', 0, 1),
(5, '2021-11-20', 0, 1),
(6, '2021-11-20', 0, 1),
(3, '2021-11-21', 8, 1),
(4, '2021-11-21', 4, 1),
(5, '2021-11-21', 0, 1),
(6, '2021-11-21', 0, 1),
(3, '2021-11-22', 12, 1),
(4, '2021-11-22', 11, 1),
(5, '2021-11-22', 8, 1),
(6, '2021-11-22', 8, 1),
(3, '2021-11-23', 2, 1),
(4, '2021-11-23', 2, 1),
(5, '2021-11-23', 8, 1),
(6, '2021-11-23', 8, 1),
(3, '2021-11-24', 6, 1),
(4, '2021-11-24', 6, 1),
(5, '2021-11-24', 8, 1),
(6, '2021-11-24', 8, 1),
(3, '2021-11-25', 11, 1),
(4, '2021-11-25', 2, 1),
(5, '2021-11-25', 8, 1),
(6, '2021-11-25', 8, 4),
(3, '2021-11-26', 4, 1),
(4, '2021-11-26', 12, 1),
(5, '2021-11-26', 6, 1),
(6, '2021-11-26', 8, 1),
(3, '2021-11-27', 3, 1),
(4, '2021-11-27', 0, 1),
(5, '2021-11-27', 0, 1),
(6, '2021-11-27', 0, 1),
(3, '2021-11-28', 7, 1),
(4, '2021-11-28', 11, 1),
(5, '2021-11-28', 0, 1),
(6, '2021-11-28', 0, 1),
(3, '2021-11-29', 11, 1),
(4, '2021-11-29', 5, 1),
(5, '2021-11-29', 8, 1),
(6, '2021-11-29', 8, 1),
(3, '2021-11-30', 6, 1),
(4, '2021-11-30', 1, 1),
(5, '2021-11-30', 8, 1),
(6, '2021-11-30', 8, 1),
(3, '2021-12-01', 1, 1),
(4, '2021-12-01', 0, 1),
(5, '2021-12-01', 8, 1),
(6, '2021-12-01', 8, 1),
(3, '2021-12-02', 2, 1),
(4, '2021-12-02', 9, 1),
(5, '2021-12-02', 8, 1),
(6, '2021-12-02', 8, 1),
(3, '2021-12-03', 8, 1),
(4, '2021-12-03', 8, 1),
(5, '2021-12-03', 6, 1),
(6, '2021-12-03', 8, 1),
(3, '2021-12-04', 10, 1),
(4, '2021-12-04', 4, 1),
(5, '2021-12-04', 0, 1),
(6, '2021-12-04', 0, 1),
(3, '2021-12-05', 8, 1),
(4, '2021-12-05', 6, 1),
(5, '2021-12-05', 0, 1),
(6, '2021-12-05', 0, 1),
(3, '2021-12-06', 5, 1),
(4, '2021-12-06', 3, 1),
(5, '2021-12-06', 8, 1),
(6, '2021-12-06', 8, 1),
(3, '2021-12-07', 1, 1),
(4, '2021-12-07', 6, 1),
(5, '2021-12-07', 8, 6),
(6, '2021-12-07', 8, 1),
(3, '2021-12-08', 12, 1),
(4, '2021-12-08', 11, 1),
(5, '2021-12-08', 8, 1),
(6, '2021-12-08', 8, 1),
(3, '2021-12-09', 9, 1),
(4, '2021-12-09', 4, 1),
(5, '2021-12-09', 8, 1),
(6, '2021-12-09', 8, 1),
(3, '2021-12-10', 7, 1),
(4, '2021-12-10', 5, 1),
(5, '2021-12-10', 6, 1),
(6, '2021-12-10', 8, 1),
(3, '2021-12-11', 12, 1),
(4, '2021-12-11', 4, 1),
(5, '2021-12-11', 0, 1),
(6, '2021-12-11', 0, 1),
(3, '2021-12-12', 4, 1),
(4, '2021-12-12', 12, 1),
(5, '2021-12-12', 0, 1),
(6, '2021-12-12', 0, 1),
(3, '2021-12-13', 8, 1),
(4, '2021-12-13', 12, 1),
(5, '2021-12-13', 8, 1),
(6, '2021-12-13', 8, 1),
(3, '2021-12-14', 5, 1),
(4, '2021-12-14', 12, 1),
(5, '2021-12-14', 8, 1),
(6, '2021-12-14', 8, 1),
(3, '2021-12-15', 7, 1),
(4, '2021-12-15', 4, 1),
(5, '2021-12-15', 8, 1),
(6, '2021-12-15', 8, 1),
(3, '2021-12-16', 4, 1),
(4, '2021-12-16', 6, 1),
(5, '2021-12-16', 8, 1),
(6, '2021-12-16', 8, 1),
(3, '2021-12-17', 6, 1),
(4, '2021-12-17', 6, 1),
(5, '2021-12-17', 6, 1),
(6, '2021-12-17', 8, 1),
(3, '2021-12-18', 6, 1),
(4, '2021-12-18', 5, 1),
(5, '2021-12-18', 0, 1),
(6, '2021-12-18', 0, 1),
(3, '2021-12-19', 10, 1),
(4, '2021-12-19', 10, 1),
(5, '2021-12-19', 0, 1),
(6, '2021-12-19', 0, 1),
(3, '2021-12-20', 12, 1),
(4, '2021-12-20', 8, 1),
(5, '2021-12-20', 8, 1),
(6, '2021-12-20', 8, 1),
(3, '2021-12-21', 5, 1),
(4, '2021-12-21', 7, 1),
(5, '2021-12-21', 8, 1),
(6, '2021-12-21', 8, 1),
(3, '2021-12-22', 2, 1),
(4, '2021-12-22', 10, 1),
(5, '2021-12-22', 8, 1),
(6, '2021-12-22', 8, 1),
(3, '2021-12-23', 10, 1),
(4, '2021-12-23', 5, 1),
(5, '2021-12-23', 8, 1),
(6, '2021-12-23', 8, 1),
(3, '2021-12-24', 7, 1),
(4, '2021-12-24', 10, 1),
(5, '2021-12-24', 6, 1),
(6, '2021-12-24', 8, 1),
(3, '2021-12-25', 9, 1),
(4, '2021-12-25', 10, 1),
(5, '2021-12-25', 0, 1),
(6, '2021-12-25', 0, 1),
(3, '2021-12-26', 3, 1),
(4, '2021-12-26', 4, 1),
(5, '2021-12-26', 0, 1),
(6, '2021-12-26', 0, 1),
(3, '2021-12-27', 5, 1),
(4, '2021-12-27', 2, 1),
(5, '2021-12-27', 8, 1),
(6, '2021-12-27', 8, 1),
(3, '2021-12-28', 10, 1),
(4, '2021-12-28', 10, 1),
(5, '2021-12-28', 8, 1),
(6, '2021-12-28', 8, 1),
(3, '2021-12-29', 7, 1),
(4, '2021-12-29', 2, 1),
(5, '2021-12-29', 8, 1),
(6, '2021-12-29', 8, 1),
(3, '2021-12-30', 1, 1),
(4, '2021-12-30', 11, 1),
(5, '2021-12-30', 8, 6),
(6, '2021-12-30', 8, 1),
(3, '2021-12-31', 9, 1),
(4, '2021-12-31', 5, 1),
(5, '2021-12-31', 6, 1),
(6, '2021-12-31', 8, 1),
(3, '2022-01-01', 0, 1),
(4, '2022-01-01', 0, 1),
(5, '2022-01-01', 0, 1),
(6, '2022-01-01', 0, 1),
(3, '2022-01-02', 9, 1),
(4, '2022-01-02', 9, 1),
(5, '2022-01-02', 0, 1),
(6, '2022-01-02', 0, 1),
(3, '2022-01-03', 5, 1),
(4, '2022-01-03', 1, 1),
(5, '2022-01-03', 8, 1),
(6, '2022-01-03', 8, 1),
(3, '2022-01-04', 5, 1),
(4, '2022-01-04', 9, 1),
(5, '2022-01-04', 8, 1),
(6, '2022-01-04', 8, 1),
(3, '2022-01-05', 3, 1),
(4, '2022-01-05', 0, 1),
(5, '2022-01-05', 8, 4),
(6, '2022-01-05', 8, 1),
(3, '2022-01-06', 1, 1),
(4, '2022-01-06', 3, 4),
(5, '2022-01-06', 8, 1),
(6, '2022-01-06', 8, 1),
(3, '2022-01-07', 2, 1),
(4, '2022-01-07', 11, 1),
(5, '2022-01-07', 6, 1),
(6, '2022-01-07', 8, 5),
(3, '2022-01-08', 11, 1),
(4, '2022-01-08', 9, 1),
(5, '2022-01-08', 0, 1),
(6, '2022-01-08', 0, 1),
(3, '2022-01-09', 4, 1),
(4, '2022-01-09', 10, 1),
(5, '2022-01-09', 0, 1),
(6, '2022-01-09', 0, 1),
(3, '2022-01-10', 0, 1),
(4, '2022-01-10', 4, 1),
(5, '2022-01-10', 8, 1),
(6, '2022-01-10', 8, 1),
(3, '2022-01-11', 4, 1),
(4, '2022-01-11', 11, 1),
(5, '2022-01-11', 8, 1),
(6, '2022-01-11', 8, 1),
(3, '2022-01-12', 11, 1),
(4, '2022-01-12', 5, 1),
(5, '2022-01-12', 8, 1),
(6, '2022-01-12', 8, 1),
(3, '2022-01-13', 4, 1),
(4, '2022-01-13', 3, 1),
(5, '2022-01-13', 8, 1),
(6, '2022-01-13', 8, 1),
(3, '2022-01-14', 3, 1),
(4, '2022-01-14', 5, 1),
(5, '2022-01-14', 6, 1),
(6, '2022-01-14', 8, 1),
(3, '2022-01-15', 9, 1),
(4, '2022-01-15', 11, 1),
(5, '2022-01-15', 0, 1),
(6, '2022-01-15', 0, 1),
(3, '2022-01-16', 4, 1),
(4, '2022-01-16', 7, 3),
(5, '2022-01-16', 0, 1),
(6, '2022-01-16', 0, 1),
(3, '2022-01-17', 6, 1),
(4, '2022-01-17', 3, 1),
(5, '2022-01-17', 8, 1),
(6, '2022-01-17', 8, 1),
(3, '2022-01-18', 12, 1),
(4, '2022-01-18', 10, 1),
(5, '2022-01-18', 8, 1),
(6, '2022-01-18', 8, 1),
(3, '2022-01-19', 8, 1),
(4, '2022-01-19', 7, 1),
(5, '2022-01-19', 8, 1),
(6, '2022-01-19', 8, 1),
(3, '2022-01-20', 12, 1),
(4, '2022-01-20', 10, 1),
(5, '2022-01-20', 8, 1),
(6, '2022-01-20', 8, 1),
(3, '2022-01-21', 9, 1),
(4, '2022-01-21', 3, 1),
(5, '2022-01-21', 6, 1),
(6, '2022-01-21', 8, 1),
(3, '2022-01-22', 7, 1),
(4, '2022-01-22', 9, 1),
(5, '2022-01-22', 0, 1),
(6, '2022-01-22', 0, 1),
(3, '2022-01-23', 6, 1),
(4, '2022-01-23', 11, 1),
(5, '2022-01-23', 0, 1),
(6, '2022-01-23', 0, 1),
(3, '2022-01-24', 5, 1),
(4, '2022-01-24', 9, 1),
(5, '2022-01-24', 8, 1),
(6, '2022-01-24', 8, 1),
(3, '2022-01-25', 12, 1),
(4, '2022-01-25', 5, 1),
(5, '2022-01-25', 8, 1),
(6, '2022-01-25', 8, 1),
(3, '2022-01-26', 0, 1),
(4, '2022-01-26', 10, 1),
(5, '2022-01-26', 8, 1),
(6, '2022-01-26', 8, 1),
(3, '2022-01-27', 9, 1),
(4, '2022-01-27', 3, 1),
(5, '2022-01-27', 8, 1),
(6, '2022-01-27', 8, 1),
(3, '2022-01-28', 12, 6),
(4, '2022-01-28', 11, 1),
(5, '2022-01-28', 6, 1),
(6, '2022-01-28', 8, 1),
(3, '2022-01-29', 12, 1),
(4, '2022-01-29', 12, 1),
(5, '2022-01-29', 0, 1),
(6, '2022-01-29', 0, 1),
(3, '2022-01-30', 1, 1),
(4, '2022-01-30', 5, 1),
(5, '2022-01-30', 0, 1),
(6, '2022-01-30', 0, 1),
(3, '2022-01-31', 2, 1),
(4, '2022-01-31', 12, 1),
(5, '2022-01-31', 8, 1),
(6, '2022-01-31', 8, 1),
(3, '2022-02-01', 9, 1),
(4, '2022-02-01', 8, 1),
(5, '2022-02-01', 8, 1),
(6, '2022-02-01', 8, 1),
(3, '2022-02-02', 3, 1),
(4, '2022-02-02', 11, 1),
(5, '2022-02-02', 8, 1),
(6, '2022-02-02', 8, 1),
(3, '2022-02-03', 0, 1),
(4, '2022-02-03', 10, 1),
(5, '2022-02-03', 8, 1),
(6, '2022-02-03', 8, 1),
(3, '2022-02-04', 8, 1),
(4, '2022-02-04', 8, 1),
(5, '2022-02-04', 6, 1),
(6, '2022-02-04', 8, 1),
(3, '2022-02-05', 10, 1),
(4, '2022-02-05', 8, 1),
(5, '2022-02-05', 0, 1),
(6, '2022-02-05', 0, 1),
(3, '2022-02-06', 2, 1),
(4, '2022-02-06', 0, 1),
(5, '2022-02-06', 0, 1),
(6, '2022-02-06', 0, 1),
(3, '2022-02-07', 6, 1),
(4, '2022-02-07', 12, 1),
(5, '2022-02-07', 8, 1),
(6, '2022-02-07', 8, 1),
(9, '2022-02-07', 8, 1),
(3, '2022-02-08', 9, 1),
(4, '2022-02-08', 4, 1),
(5, '2022-02-08', 8, 1),
(6, '2022-02-08', 8, 1),
(9, '2022-02-08', 8, 1),
(3, '2022-02-09', 11, 1),
(4, '2022-02-09', 9, 1),
(5, '2022-02-09', 8, 1),
(6, '2022-02-09', 8, 1),
(9, '2022-02-09', 8, 1),
(3, '2022-02-10', 0, 1),
(4, '2022-02-10', 4, 1),
(5, '2022-02-10', 8, 1),
(6, '2022-02-10', 8, 1),
(9, '2022-02-10', 8, 1),
(3, '2022-02-11', 11, 1),
(4, '2022-02-11', 4, 1),
(5, '2022-02-11', 6, 1),
(6, '2022-02-11', 8, 1),
(9, '2022-02-11', 6, 1),
(3, '2022-02-12', 0, 1),
(4, '2022-02-12', 10, 1),
(5, '2022-02-12', 0, 1),
(6, '2022-02-12', 0, 1),
(9, '2022-02-12', 0, 1),
(3, '2022-02-13', 6, 1),
(4, '2022-02-13', 2, 1),
(5, '2022-02-13', 0, 1),
(6, '2022-02-13', 0, 1),
(9, '2022-02-13', 0, 1),
(3, '2022-02-14', 3, 1),
(4, '2022-02-14', 10, 1),
(5, '2022-02-14', 8, 1),
(6, '2022-02-14', 8, 1),
(9, '2022-02-14', 8, 1),
(3, '2022-02-15', 5, 3),
(4, '2022-02-15', 0, 1),
(5, '2022-02-15', 8, 1),
(6, '2022-02-15', 8, 1),
(9, '2022-02-15', 8, 1),
(3, '2022-02-16', 0, 1),
(4, '2022-02-16', 8, 1),
(5, '2022-02-16', 8, 1),
(6, '2022-02-16', 8, 1),
(9, '2022-02-16', 8, 1),
(3, '2022-02-17', 10, 1),
(4, '2022-02-17', 8, 1),
(5, '2022-02-17', 8, 1),
(6, '2022-02-17', 8, 1),
(9, '2022-02-17', 8, 1),
(3, '2022-02-18', 4, 1),
(4, '2022-02-18', 9, 1),
(5, '2022-02-18', 6, 1),
(6, '2022-02-18', 8, 1),
(9, '2022-02-18', 6, 1),
(3, '2022-02-19', 12, 1),
(4, '2022-02-19', 8, 1),
(5, '2022-02-19', 0, 1),
(6, '2022-02-19', 0, 1),
(9, '2022-02-19', 0, 1),
(3, '2022-02-20', 0, 1),
(4, '2022-02-20', 8, 1),
(5, '2022-02-20', 0, 1),
(6, '2022-02-20', 0, 1),
(9, '2022-02-20', 0, 1),
(3, '2022-02-21', 5, 1),
(4, '2022-02-21', 3, 1),
(5, '2022-02-21', 8, 1),
(6, '2022-02-21', 8, 1),
(9, '2022-02-21', 8, 1),
(10, '2022-02-21', 8, 1),
(3, '2022-02-22', 7, 1),
(4, '2022-02-22', 1, 1),
(5, '2022-02-22', 8, 1),
(6, '2022-02-22', 8, 1),
(9, '2022-02-22', 8, 1),
(10, '2022-02-22', 8, 1),
(3, '2022-02-23', 7, 1),
(4, '2022-02-23', 2, 1),
(5, '2022-02-23', 8, 1),
(6, '2022-02-23', 8, 1),
(9, '2022-02-23', 8, 1),
(10, '2022-02-23', 8, 1),
(3, '2022-02-24', 0, 1),
(4, '2022-02-24', 8, 1),
(5, '2022-02-24', 8, 1),
(6, '2022-02-24', 8, 1),
(9, '2022-02-24', 8, 1),
(10, '2022-02-24', 8, 1),
(3, '2022-02-25', 9, 1),
(4, '2022-02-25', 3, 1),
(5, '2022-02-25', 6, 1),
(6, '2022-02-25', 8, 1),
(9, '2022-02-25', 6, 1),
(10, '2022-02-25', 6, 1),
(3, '2022-02-26', 6, 1),
(4, '2022-02-26', 4, 1),
(5, '2022-02-26', 0, 1),
(6, '2022-02-26', 0, 1),
(9, '2022-02-26', 0, 1),
(10, '2022-02-26', 0, 1),
(3, '2022-02-27', 12, 1),
(4, '2022-02-27', 1, 1),
(5, '2022-02-27', 0, 1),
(6, '2022-02-27', 0, 1),
(9, '2022-02-27', 0, 1),
(10, '2022-02-27', 0, 1),
(3, '2022-02-28', 9, 1),
(4, '2022-02-28', 4, 1),
(5, '2022-02-28', 8, 1),
(6, '2022-02-28', 8, 1),
(9, '2022-02-28', 8, 1),
(10, '2022-02-28', 8, 1),
(3, '2022-03-01', 3, 1),
(4, '2022-03-01', 1, 1),
(5, '2022-03-01', 8, 1),
(6, '2022-03-01', 8, 1),
(9, '2022-03-01', 8, 1),
(10, '2022-03-01', 8, 1),
(3, '2022-03-02', 8, 1),
(4, '2022-03-02', 10, 1),
(5, '2022-03-02', 8, 1),
(6, '2022-03-02', 8, 1),
(9, '2022-03-02', 8, 1),
(10, '2022-03-02', 8, 1),
(3, '2022-03-03', 3, 1),
(4, '2022-03-03', 10, 1),
(5, '2022-03-03', 8, 1),
(6, '2022-03-03', 8, 1),
(9, '2022-03-03', 8, 1),
(10, '2022-03-03', 8, 1),
(3, '2022-03-04', 7, 1),
(4, '2022-03-04', 2, 1),
(5, '2022-03-04', 6, 1),
(6, '2022-03-04', 8, 1),
(9, '2022-03-04', 6, 1),
(10, '2022-03-04', 6, 1),
(3, '2022-03-05', 9, 1),
(4, '2022-03-05', 8, 1),
(5, '2022-03-05', 0, 1),
(6, '2022-03-05', 0, 1),
(9, '2022-03-05', 0, 1),
(10, '2022-03-05', 0, 1),
(3, '2022-03-06', 4, 1),
(4, '2022-03-06', 10, 1),
(5, '2022-03-06', 0, 1),
(6, '2022-03-06', 0, 1),
(9, '2022-03-06', 0, 1),
(10, '2022-03-06', 0, 1),
(3, '2022-03-07', 12, 1),
(4, '2022-03-07', 10, 1),
(5, '2022-03-07', 8, 1),
(6, '2022-03-07', 8, 1),
(9, '2022-03-07', 8, 1),
(10, '2022-03-07', 8, 1),
(3, '2022-03-08', 10, 1),
(4, '2022-03-08', 3, 1),
(5, '2022-03-08', 8, 1),
(6, '2022-03-08', 8, 1),
(9, '2022-03-08', 8, 1),
(10, '2022-03-08', 8, 1),
(3, '2022-03-09', 8, 1),
(4, '2022-03-09', 4, 1),
(5, '2022-03-09', 8, 1),
(6, '2022-03-09', 8, 1),
(9, '2022-03-09', 8, 1),
(10, '2022-03-09', 8, 1),
(3, '2022-03-10', 7, 1),
(4, '2022-03-10', 0, 1),
(5, '2022-03-10', 8, 1),
(6, '2022-03-10', 8, 1),
(9, '2022-03-10', 8, 1),
(10, '2022-03-10', 8, 1),
(3, '2022-03-11', 0, 1),
(4, '2022-03-11', 12, 1),
(5, '2022-03-11', 6, 1),
(6, '2022-03-11', 8, 1),
(9, '2022-03-11', 6, 1),
(10, '2022-03-11', 6, 1),
(3, '2022-03-12', 8, 1),
(4, '2022-03-12', 6, 1),
(5, '2022-03-12', 0, 1),
(6, '2022-03-12', 0, 1),
(9, '2022-03-12', 0, 1),
(10, '2022-03-12', 0, 1),
(3, '2022-03-13', 3, 1),
(4, '2022-03-13', 7, 1),
(5, '2022-03-13', 0, 1),
(6, '2022-03-13', 0, 1),
(9, '2022-03-13', 0, 1),
(10, '2022-03-13', 0, 1),
(3, '2022-03-14', 0, 1),
(4, '2022-03-14', 6, 1),
(5, '2022-03-14', 8, 1),
(6, '2022-03-14', 8, 1),
(9, '2022-03-14', 8, 1),
(10, '2022-03-14', 8, 1),
(3, '2022-03-15', 7, 1),
(4, '2022-03-15', 7, 1),
(5, '2022-03-15', 8, 1),
(6, '2022-03-15', 8, 1),
(9, '2022-03-15', 8, 1),
(10, '2022-03-15', 8, 1),
(3, '2022-03-16', 9, 1),
(4, '2022-03-16', 12, 1),
(5, '2022-03-16', 8, 1),
(6, '2022-03-16', 8, 1),
(9, '2022-03-16', 8, 1),
(10, '2022-03-16', 8, 1),
(3, '2022-03-17', 7, 3),
(4, '2022-03-17', 10, 1),
(5, '2022-03-17', 8, 1),
(6, '2022-03-17', 8, 1),
(9, '2022-03-17', 8, 1),
(10, '2022-03-17', 8, 1),
(3, '2022-03-18', 5, 1),
(4, '2022-03-18', 7, 1),
(5, '2022-03-18', 6, 1),
(6, '2022-03-18', 8, 1),
(9, '2022-03-18', 6, 1),
(10, '2022-03-18', 6, 1),
(3, '2022-03-19', 5, 1),
(4, '2022-03-19', 9, 1),
(5, '2022-03-19', 0, 1),
(6, '2022-03-19', 0, 1),
(9, '2022-03-19', 0, 1),
(10, '2022-03-19', 0, 1),
(3, '2022-03-20', 8, 1),
(4, '2022-03-20', 3, 1),
(5, '2022-03-20', 0, 1),
(6, '2022-03-20', 0, 1),
(9, '2022-03-20', 0, 1),
(10, '2022-03-20', 0, 1),
(3, '2022-03-21', 8, 1),
(4, '2022-03-21', 9, 1),
(5, '2022-03-21', 8, 1),
(6, '2022-03-21', 8, 1),
(9, '2022-03-21', 8, 1),
(10, '2022-03-21', 8, 1),
(3, '2022-03-22', 3, 3),
(4, '2022-03-22', 5, 1),
(5, '2022-03-22', 8, 1),
(6, '2022-03-22', 8, 1),
(9, '2022-03-22', 8, 1),
(10, '2022-03-22', 8, 1),
(3, '2022-03-23', 10, 1),
(4, '2022-03-23', 10, 1),
(5, '2022-03-23', 8, 5),
(6, '2022-03-23', 8, 1),
(9, '2022-03-23', 8, 1),
(10, '2022-03-23', 8, 1),
(3, '2022-03-24', 2, 1),
(4, '2022-03-24', 9, 1),
(5, '2022-03-24', 8, 1),
(6, '2022-03-24', 8, 1),
(9, '2022-03-24', 8, 1),
(10, '2022-03-24', 8, 1),
(3, '2022-03-25', 8, 1),
(4, '2022-03-25', 11, 1),
(5, '2022-03-25', 6, 1),
(6, '2022-03-25', 8, 1),
(9, '2022-03-25', 6, 1),
(10, '2022-03-25', 6, 1),
(3, '2022-03-26', 4, 1),
(4, '2022-03-26', 4, 1),
(5, '2022-03-26', 0, 1),
(6, '2022-03-26', 0, 1),
(9, '2022-03-26', 0, 1),
(10, '2022-03-26', 0, 1),
(3, '2022-03-27', 12, 1),
(4, '2022-03-27', 3, 1),
(5, '2022-03-27', 0, 1),
(6, '2022-03-27', 0, 1),
(9, '2022-03-27', 0, 1),
(10, '2022-03-27', 0, 1),
(3, '2022-03-28', 6, 1),
(4, '2022-03-28', 3, 1),
(5, '2022-03-28', 8, 1),
(6, '2022-03-28', 8, 1),
(9, '2022-03-28', 8, 1),
(10, '2022-03-28', 8, 1),
(3, '2022-03-29', 4, 1),
(4, '2022-03-29', 8, 1),
(5, '2022-03-29', 8, 1),
(6, '2022-03-29', 8, 1),
(9, '2022-03-29', 8, 3),
(10, '2022-03-29', 8, 1),
(3, '2022-03-30', 5, 1),
(4, '2022-03-30', 7, 1),
(5, '2022-03-30', 8, 1),
(6, '2022-03-30', 8, 1),
(9, '2022-03-30', 8, 1),
(10, '2022-03-30', 8, 1),
(3, '2022-03-31', 6, 1),
(4, '2022-03-31', 4, 1),
(5, '2022-03-31', 8, 1),
(6, '2022-03-31', 8, 1),
(9, '2022-03-31', 8, 1),
(10, '2022-03-31', 8, 1),
(3, '2022-04-01', 4, 1),
(4, '2022-04-01', 5, 1),
(5, '2022-04-01', 6, 1),
(6, '2022-04-01', 8, 1),
(9, '2022-04-01', 6, 1),
(10, '2022-04-01', 6, 1),
(3, '2022-04-02', 0, 1),
(4, '2022-04-02', 0, 1),
(5, '2022-04-02', 0, 1),
(6, '2022-04-02', 0, 1),
(9, '2022-04-02', 0, 1),
(10, '2022-04-02', 0, 1),
(3, '2022-04-03', 0, 1),
(4, '2022-04-03', 6, 1),
(5, '2022-04-03', 0, 1),
(6, '2022-04-03', 0, 1),
(9, '2022-04-03', 0, 1),
(10, '2022-04-03', 0, 1),
(3, '2022-04-04', 12, 1),
(4, '2022-04-04', 3, 1),
(5, '2022-04-04', 8, 1),
(6, '2022-04-04', 8, 1),
(9, '2022-04-04', 8, 1),
(10, '2022-04-04', 8, 1),
(3, '2022-04-05', 5, 1),
(4, '2022-04-05', 8, 1),
(5, '2022-04-05', 8, 1),
(6, '2022-04-05', 8, 1),
(9, '2022-04-05', 8, 1),
(10, '2022-04-05', 8, 1),
(3, '2022-04-06', 0, 1),
(4, '2022-04-06', 2, 1),
(5, '2022-04-06', 8, 1),
(6, '2022-04-06', 8, 1),
(9, '2022-04-06', 8, 1),
(10, '2022-04-06', 8, 1),
(3, '2022-04-07', 6, 1),
(4, '2022-04-07', 4, 1),
(5, '2022-04-07', 8, 1),
(6, '2022-04-07', 8, 1),
(9, '2022-04-07', 8, 1),
(10, '2022-04-07', 8, 1),
(3, '2022-04-08', 4, 1),
(4, '2022-04-08', 2, 1),
(5, '2022-04-08', 6, 1),
(6, '2022-04-08', 8, 1),
(9, '2022-04-08', 6, 1),
(10, '2022-04-08', 6, 1),
(3, '2022-04-09', 11, 1),
(4, '2022-04-09', 3, 1),
(5, '2022-04-09', 0, 1),
(6, '2022-04-09', 0, 1),
(9, '2022-04-09', 0, 1),
(10, '2022-04-09', 0, 1),
(3, '2022-04-10', 9, 1),
(4, '2022-04-10', 0, 1),
(5, '2022-04-10', 0, 1),
(6, '2022-04-10', 0, 1),
(9, '2022-04-10', 0, 1),
(10, '2022-04-10', 0, 1),
(3, '2022-04-11', 10, 1),
(4, '2022-04-11', 3, 1),
(5, '2022-04-11', 8, 1),
(6, '2022-04-11', 8, 1),
(9, '2022-04-11', 8, 1),
(10, '2022-04-11', 8, 1),
(3, '2022-04-12', 5, 1),
(4, '2022-04-12', 0, 1),
(5, '2022-04-12', 8, 1),
(6, '2022-04-12', 8, 1),
(9, '2022-04-12', 8, 1),
(10, '2022-04-12', 8, 1),
(3, '2022-04-13', 5, 1),
(4, '2022-04-13', 1, 1),
(5, '2022-04-13', 8, 1),
(6, '2022-04-13', 8, 1),
(9, '2022-04-13', 8, 1),
(10, '2022-04-13', 8, 1),
(3, '2022-04-14', 12, 1),
(4, '2022-04-14', 5, 1),
(5, '2022-04-14', 8, 1),
(6, '2022-04-14', 8, 1),
(9, '2022-04-14', 8, 1),
(10, '2022-04-14', 8, 1),
(3, '2022-04-15', 6, 1),
(4, '2022-04-15', 7, 1),
(5, '2022-04-15', 6, 1),
(6, '2022-04-15', 8, 1),
(9, '2022-04-15', 6, 1),
(10, '2022-04-15', 6, 1),
(3, '2022-04-16', 4, 1),
(4, '2022-04-16', 2, 1),
(5, '2022-04-16', 0, 1),
(6, '2022-04-16', 0, 1),
(9, '2022-04-16', 0, 1),
(10, '2022-04-16', 0, 1),
(3, '2022-04-17', 8, 1),
(4, '2022-04-17', 10, 1),
(5, '2022-04-17', 0, 1),
(6, '2022-04-17', 0, 1),
(9, '2022-04-17', 0, 1),
(10, '2022-04-17', 0, 1),
(3, '2022-04-18', 1, 1),
(4, '2022-04-18', 6, 1),
(5, '2022-04-18', 8, 1),
(6, '2022-04-18', 8, 1),
(9, '2022-04-18', 8, 1),
(10, '2022-04-18', 8, 1),
(3, '2022-04-19', 0, 1),
(4, '2022-04-19', 5, 1),
(5, '2022-04-19', 8, 1),
(6, '2022-04-19', 8, 1),
(9, '2022-04-19', 8, 1),
(10, '2022-04-19', 8, 1),
(3, '2022-04-20', 12, 1),
(4, '2022-04-20', 9, 1),
(5, '2022-04-20', 8, 1),
(6, '2022-04-20', 8, 1),
(9, '2022-04-20', 8, 1),
(10, '2022-04-20', 8, 1),
(3, '2022-04-21', 3, 1),
(4, '2022-04-21', 4, 1),
(5, '2022-04-21', 8, 1),
(6, '2022-04-21', 8, 1),
(9, '2022-04-21', 8, 1),
(10, '2022-04-21', 8, 1),
(3, '2022-04-22', 8, 1),
(4, '2022-04-22', 2, 1),
(5, '2022-04-22', 6, 1),
(6, '2022-04-22', 8, 1),
(9, '2022-04-22', 6, 1),
(10, '2022-04-22', 6, 1),
(3, '2022-04-23', 4, 1),
(4, '2022-04-23', 11, 1),
(5, '2022-04-23', 0, 1),
(6, '2022-04-23', 0, 1),
(9, '2022-04-23', 0, 1),
(10, '2022-04-23', 0, 1),
(3, '2022-04-24', 1, 1),
(4, '2022-04-24', 7, 1),
(5, '2022-04-24', 0, 1),
(6, '2022-04-24', 0, 1),
(9, '2022-04-24', 0, 1),
(10, '2022-04-24', 0, 1),
(3, '2022-04-25', 6, 1),
(4, '2022-04-25', 11, 1),
(5, '2022-04-25', 8, 1),
(6, '2022-04-25', 8, 1),
(9, '2022-04-25', 8, 1),
(10, '2022-04-25', 8, 1),
(3, '2022-04-26', 3, 1),
(4, '2022-04-26', 8, 1),
(5, '2022-04-26', 8, 4),
(6, '2022-04-26', 8, 1),
(9, '2022-04-26', 8, 1),
(10, '2022-04-26', 8, 1),
(3, '2022-04-27', 1, 1),
(4, '2022-04-27', 9, 1),
(5, '2022-04-27', 8, 1),
(6, '2022-04-27', 8, 1),
(9, '2022-04-27', 8, 1),
(10, '2022-04-27', 8, 1),
(3, '2022-04-28', 10, 1),
(4, '2022-04-28', 4, 1),
(5, '2022-04-28', 8, 1),
(6, '2022-04-28', 8, 1),
(9, '2022-04-28', 8, 1),
(10, '2022-04-28', 8, 1),
(3, '2022-04-29', 11, 1),
(4, '2022-04-29', 5, 1),
(5, '2022-04-29', 6, 1),
(6, '2022-04-29', 8, 1),
(9, '2022-04-29', 6, 1),
(10, '2022-04-29', 6, 1),
(3, '2022-04-30', 11, 1),
(4, '2022-04-30', 8, 1),
(5, '2022-04-30', 0, 1),
(6, '2022-04-30', 0, 1),
(9, '2022-04-30', 0, 1),
(10, '2022-04-30', 0, 1),
(3, '2022-05-01', 10, 1),
(4, '2022-05-01', 1, 1),
(5, '2022-05-01', 0, 1),
(6, '2022-05-01', 0, 1),
(9, '2022-05-01', 0, 1),
(10, '2022-05-01', 0, 1),
(3, '2022-05-02', 12, 1),
(4, '2022-05-02', 1, 1),
(5, '2022-05-02', 8, 1),
(6, '2022-05-02', 8, 1),
(9, '2022-05-02', 8, 1),
(10, '2022-05-02', 8, 1),
(3, '2022-05-03', 6, 1),
(4, '2022-05-03', 2, 1),
(5, '2022-05-03', 8, 1),
(6, '2022-05-03', 8, 1),
(9, '2022-05-03', 8, 1),
(10, '2022-05-03', 8, 1),
(3, '2022-05-04', 10, 1),
(4, '2022-05-04', 4, 1),
(5, '2022-05-04', 8, 1),
(6, '2022-05-04', 8, 1),
(9, '2022-05-04', 8, 1),
(10, '2022-05-04', 8, 1),
(3, '2022-05-05', 4, 1),
(4, '2022-05-05', 9, 1),
(5, '2022-05-05', 8, 1),
(6, '2022-05-05', 8, 1),
(9, '2022-05-05', 8, 1),
(10, '2022-05-05', 8, 1),
(3, '2022-05-06', 3, 1),
(4, '2022-05-06', 3, 1),
(5, '2022-05-06', 6, 1),
(6, '2022-05-06', 8, 1),
(9, '2022-05-06', 6, 1),
(10, '2022-05-06', 6, 1),
(3, '2022-05-07', 12, 1),
(4, '2022-05-07', 10, 1),
(5, '2022-05-07', 0, 1),
(6, '2022-05-07', 0, 1),
(9, '2022-05-07', 0, 1),
(10, '2022-05-07', 0, 1),
(3, '2022-05-08', 6, 1),
(4, '2022-05-08', 4, 1),
(5, '2022-05-08', 0, 1),
(6, '2022-05-08', 0, 1),
(9, '2022-05-08', 0, 1),
(10, '2022-05-08', 0, 1),
(3, '2022-05-09', 10, 1),
(4, '2022-05-09', 4, 1),
(5, '2022-05-09', 8, 1),
(6, '2022-05-09', 8, 1),
(9, '2022-05-09', 8, 1),
(10, '2022-05-09', 8, 1),
(3, '2022-05-10', 0, 1),
(4, '2022-05-10', 5, 1),
(5, '2022-05-10', 8, 1),
(6, '2022-05-10', 8, 1),
(9, '2022-05-10', 8, 1),
(10, '2022-05-10', 8, 1),
(3, '2022-05-11', 0, 1),
(4, '2022-05-11', 5, 1),
(5, '2022-05-11', 8, 1),
(6, '2022-05-11', 8, 1),
(9, '2022-05-11', 8, 1),
(10, '2022-05-11', 8, 1),
(3, '2022-05-12', 7, 1),
(4, '2022-05-12', 0, 1),
(5, '2022-05-12', 8, 1),
(6, '2022-05-12', 8, 1),
(9, '2022-05-12', 8, 1),
(10, '2022-05-12', 8, 1),
(3, '2022-05-13', 5, 1),
(4, '2022-05-13', 5, 1),
(5, '2022-05-13', 6, 1),
(6, '2022-05-13', 8, 1),
(9, '2022-05-13', 6, 1),
(10, '2022-05-13', 6, 1),
(3, '2022-05-14', 1, 1),
(4, '2022-05-14', 4, 1),
(5, '2022-05-14', 0, 1),
(6, '2022-05-14', 0, 1),
(9, '2022-05-14', 0, 1),
(10, '2022-05-14', 0, 1),
(3, '2022-05-15', 10, 1),
(4, '2022-05-15', 4, 1),
(5, '2022-05-15', 0, 1),
(6, '2022-05-15', 0, 1),
(9, '2022-05-15', 0, 1),
(10, '2022-05-15', 0, 1),
(3, '2022-05-16', 1, 1),
(4, '2022-05-16', 5, 1),
(5, '2022-05-16', 8, 1),
(6, '2022-05-16', 8, 1),
(9, '2022-05-16', 8, 1),
(10, '2022-05-16', 8, 1),
(3, '2022-05-17', 3, 1),
(4, '2022-05-17', 8, 1),
(5, '2022-05-17', 8, 1),
(6, '2022-05-17', 8, 1),
(9, '2022-05-17', 8, 1),
(10, '2022-05-17', 8, 1),
(3, '2022-05-18', 6, 1),
(4, '2022-05-18', 12, 3),
(5, '2022-05-18', 8, 1),
(6, '2022-05-18', 8, 1),
(9, '2022-05-18', 8, 1),
(10, '2022-05-18', 8, 1),
(3, '2022-05-19', 4, 1),
(4, '2022-05-19', 7, 1),
(5, '2022-05-19', 8, 1),
(6, '2022-05-19', 8, 1),
(9, '2022-05-19', 8, 1),
(10, '2022-05-19', 8, 1),
(3, '2022-05-20', 11, 1),
(4, '2022-05-20', 5, 1),
(5, '2022-05-20', 6, 1),
(6, '2022-05-20', 8, 1),
(9, '2022-05-20', 6, 1),
(10, '2022-05-20', 6, 1),
(3, '2022-05-21', 4, 1),
(4, '2022-05-21', 5, 1),
(5, '2022-05-21', 0, 1),
(6, '2022-05-21', 0, 1),
(9, '2022-05-21', 0, 1),
(10, '2022-05-21', 0, 1),
(3, '2022-05-22', 4, 1),
(4, '2022-05-22', 1, 1),
(5, '2022-05-22', 0, 1),
(6, '2022-05-22', 0, 1),
(9, '2022-05-22', 0, 1),
(10, '2022-05-22', 0, 1),
(3, '2022-05-23', 10, 1),
(4, '2022-05-23', 4, 1),
(5, '2022-05-23', 8, 1),
(6, '2022-05-23', 8, 1),
(9, '2022-05-23', 8, 1),
(10, '2022-05-23', 8, 1),
(3, '2022-05-24', 0, 1),
(4, '2022-05-24', 1, 1),
(5, '2022-05-24', 8, 1),
(6, '2022-05-24', 8, 1),
(9, '2022-05-24', 8, 1),
(10, '2022-05-24', 8, 1),
(3, '2022-05-25', 0, 1),
(4, '2022-05-25', 4, 1),
(5, '2022-05-25', 8, 1),
(6, '2022-05-25', 8, 1),
(9, '2022-05-25', 8, 1),
(10, '2022-05-25', 8, 1),
(3, '2022-05-26', 8, 1),
(4, '2022-05-26', 8, 1),
(5, '2022-05-26', 8, 1),
(6, '2022-05-26', 8, 1),
(9, '2022-05-26', 8, 1),
(10, '2022-05-26', 8, 1),
(3, '2022-05-27', 5, 1),
(4, '2022-05-27', 11, 1),
(5, '2022-05-27', 6, 1),
(6, '2022-05-27', 8, 1),
(9, '2022-05-27', 6, 1),
(10, '2022-05-27', 6, 1),
(3, '2022-05-28', 8, 1),
(4, '2022-05-28', 11, 1),
(5, '2022-05-28', 0, 1),
(6, '2022-05-28', 0, 1),
(9, '2022-05-28', 0, 1),
(10, '2022-05-28', 0, 1),
(3, '2022-05-29', 0, 1),
(4, '2022-05-29', 11, 1),
(5, '2022-05-29', 0, 1),
(6, '2022-05-29', 0, 1),
(9, '2022-05-29', 0, 1),
(10, '2022-05-29', 0, 1),
(3, '2022-05-30', 10, 1),
(4, '2022-05-30', 3, 1),
(5, '2022-05-30', 8, 5),
(6, '2022-05-30', 8, 1),
(9, '2022-05-30', 8, 1),
(10, '2022-05-30', 8, 1),
(3, '2022-05-31', 8, 1),
(4, '2022-05-31', 8, 1),
(5, '2022-05-31', 8, 1),
(6, '2022-05-31', 8, 1),
(9, '2022-05-31', 8, 1),
(10, '2022-05-31', 8, 1),
(3, '2022-06-01', 7, 1),
(4, '2022-06-01', 2, 1),
(5, '2022-06-01', 8, 1),
(6, '2022-06-01', 8, 1),
(9, '2022-06-01', 8, 1),
(10, '2022-06-01', 8, 1),
(3, '2022-06-02', 11, 1),
(4, '2022-06-02', 4, 1),
(5, '2022-06-02', 8, 1),
(6, '2022-06-02', 8, 1),
(9, '2022-06-02', 8, 1),
(10, '2022-06-02', 8, 1),
(3, '2022-06-03', 6, 1),
(4, '2022-06-03', 8, 1),
(5, '2022-06-03', 6, 1),
(6, '2022-06-03', 8, 1),
(9, '2022-06-03', 6, 1),
(10, '2022-06-03', 6, 1),
(3, '2022-06-04', 12, 1),
(4, '2022-06-04', 8, 1),
(5, '2022-06-04', 0, 1),
(6, '2022-06-04', 0, 1),
(9, '2022-06-04', 0, 1),
(10, '2022-06-04', 0, 1),
(3, '2022-06-05', 6, 1),
(4, '2022-06-05', 12, 3),
(5, '2022-06-05', 0, 1),
(6, '2022-06-05', 0, 1),
(9, '2022-06-05', 0, 1),
(10, '2022-06-05', 0, 1),
(3, '2022-06-06', 7, 1),
(4, '2022-06-06', 3, 1),
(5, '2022-06-06', 8, 1),
(6, '2022-06-06', 8, 1),
(9, '2022-06-06', 8, 1),
(10, '2022-06-06', 8, 1),
(3, '2022-06-07', 10, 1),
(4, '2022-06-07', 10, 1),
(5, '2022-06-07', 8, 1),
(6, '2022-06-07', 8, 1),
(9, '2022-06-07', 8, 1),
(10, '2022-06-07', 8, 1),
(3, '2022-06-08', 6, 1),
(4, '2022-06-08', 12, 1),
(5, '2022-06-08', 8, 1),
(6, '2022-06-08', 8, 1),
(9, '2022-06-08', 8, 1),
(10, '2022-06-08', 8, 1),
(3, '2022-06-09', 4, 1),
(4, '2022-06-09', 8, 5),
(5, '2022-06-09', 8, 1),
(6, '2022-06-09', 8, 1),
(9, '2022-06-09', 8, 1),
(10, '2022-06-09', 8, 1),
(3, '2022-06-10', 6, 1),
(4, '2022-06-10', 10, 1),
(5, '2022-06-10', 6, 1),
(6, '2022-06-10', 8, 1),
(9, '2022-06-10', 6, 1),
(10, '2022-06-10', 6, 1),
(3, '2022-06-11', 3, 1),
(4, '2022-06-11', 7, 1),
(5, '2022-06-11', 0, 1),
(6, '2022-06-11', 0, 1),
(9, '2022-06-11', 0, 1),
(10, '2022-06-11', 0, 1),
(3, '2022-06-12', 10, 1),
(4, '2022-06-12', 11, 1),
(5, '2022-06-12', 0, 1),
(6, '2022-06-12', 0, 1),
(9, '2022-06-12', 0, 1),
(10, '2022-06-12', 0, 1),
(3, '2022-06-13', 8, 1),
(4, '2022-06-13', 9, 1),
(5, '2022-06-13', 8, 1),
(6, '2022-06-13', 8, 1),
(9, '2022-06-13', 8, 1),
(10, '2022-06-13', 8, 1),
(3, '2022-06-14', 1, 1),
(4, '2022-06-14', 8, 1),
(5, '2022-06-14', 8, 1),
(6, '2022-06-14', 8, 1),
(9, '2022-06-14', 8, 1),
(10, '2022-06-14', 8, 1),
(3, '2022-06-15', 8, 1),
(4, '2022-06-15', 10, 1),
(5, '2022-06-15', 8, 1),
(6, '2022-06-15', 8, 1),
(9, '2022-06-15', 8, 1),
(10, '2022-06-15', 8, 1),
(3, '2022-06-16', 11, 1),
(4, '2022-06-16', 8, 1),
(5, '2022-06-16', 8, 3),
(6, '2022-06-16', 8, 1),
(9, '2022-06-16', 8, 1),
(10, '2022-06-16', 8, 1),
(3, '2022-06-17', 4, 1),
(4, '2022-06-17', 1, 1),
(5, '2022-06-17', 6, 1),
(6, '2022-06-17', 8, 1),
(9, '2022-06-17', 6, 1),
(10, '2022-06-17', 6, 1),
(3, '2022-06-18', 12, 1),
(4, '2022-06-18', 12, 1),
(5, '2022-06-18', 0, 1),
(6, '2022-06-18', 0, 1),
(9, '2022-06-18', 0, 1),
(10, '2022-06-18', 0, 1),
(3, '2022-06-19', 11, 1),
(4, '2022-06-19', 7, 1),
(5, '2022-06-19', 0, 1),
(6, '2022-06-19', 0, 1),
(9, '2022-06-19', 0, 1),
(10, '2022-06-19', 0, 1),
(3, '2022-06-20', 11, 1),
(4, '2022-06-20', 7, 1),
(5, '2022-06-20', 8, 1),
(6, '2022-06-20', 8, 1),
(9, '2022-06-20', 8, 1),
(10, '2022-06-20', 8, 1),
(3, '2022-06-21', 12, 1),
(4, '2022-06-21', 0, 1),
(5, '2022-06-21', 8, 1),
(6, '2022-06-21', 8, 1),
(9, '2022-06-21', 8, 1),
(10, '2022-06-21', 8, 1),
(3, '2022-06-22', 9, 1),
(4, '2022-06-22', 10, 1),
(5, '2022-06-22', 8, 1),
(6, '2022-06-22', 8, 1),
(9, '2022-06-22', 8, 1),
(10, '2022-06-22', 8, 1),
(3, '2022-06-23', 12, 1),
(4, '2022-06-23', 9, 1),
(5, '2022-06-23', 8, 1),
(6, '2022-06-23', 8, 1),
(9, '2022-06-23', 8, 1),
(10, '2022-06-23', 8, 1),
(3, '2022-06-24', 6, 1),
(4, '2022-06-24', 2, 1),
(5, '2022-06-24', 6, 1),
(6, '2022-06-24', 8, 1),
(9, '2022-06-24', 6, 1),
(10, '2022-06-24', 6, 1),
(3, '2022-06-25', 10, 1),
(4, '2022-06-25', 5, 1),
(5, '2022-06-25', 0, 1),
(6, '2022-06-25', 0, 1),
(9, '2022-06-25', 0, 1),
(10, '2022-06-25', 0, 1),
(3, '2022-06-26', 9, 1),
(4, '2022-06-26', 2, 1),
(5, '2022-06-26', 0, 1),
(6, '2022-06-26', 0, 1),
(9, '2022-06-26', 0, 1),
(10, '2022-06-26', 0, 1),
(3, '2022-06-27', 4, 1),
(4, '2022-06-27', 2, 1),
(5, '2022-06-27', 8, 1),
(6, '2022-06-27', 8, 1),
(9, '2022-06-27', 8, 1),
(10, '2022-06-27', 8, 1),
(3, '2022-06-28', 5, 1),
(4, '2022-06-28', 11, 1),
(5, '2022-06-28', 8, 1),
(6, '2022-06-28', 8, 1),
(9, '2022-06-28', 8, 1),
(10, '2022-06-28', 8, 1),
(3, '2022-06-29', 4, 1),
(4, '2022-06-29', 12, 1),
(5, '2022-06-29', 8, 1),
(6, '2022-06-29', 8, 1),
(9, '2022-06-29', 8, 1),
(10, '2022-06-29', 8, 1),
(3, '2022-06-30', 2, 1),
(4, '2022-06-30', 1, 1),
(5, '2022-06-30', 8, 1),
(6, '2022-06-30', 8, 1),
(9, '2022-06-30', 8, 1),
(10, '2022-06-30', 8, 1),
(3, '2022-07-01', 4, 1),
(4, '2022-07-01', 4, 1),
(5, '2022-07-01', 6, 1),
(6, '2022-07-01', 8, 1),
(9, '2022-07-01', 6, 1),
(10, '2022-07-01', 6, 1),
(3, '2022-07-02', 9, 1),
(4, '2022-07-02', 5, 1),
(5, '2022-07-02', 0, 1),
(6, '2022-07-02', 0, 1),
(9, '2022-07-02', 0, 1),
(10, '2022-07-02', 0, 1),
(3, '2022-07-03', 7, 1),
(4, '2022-07-03', 4, 1),
(5, '2022-07-03', 0, 1),
(6, '2022-07-03', 0, 1),
(9, '2022-07-03', 0, 1),
(10, '2022-07-03', 0, 1),
(3, '2022-07-04', 5, 1),
(4, '2022-07-04', 9, 1),
(5, '2022-07-04', 8, 5),
(6, '2022-07-04', 8, 1),
(9, '2022-07-04', 8, 1),
(10, '2022-07-04', 8, 1),
(3, '2022-07-05', 10, 1),
(4, '2022-07-05', 3, 1),
(5, '2022-07-05', 8, 1),
(6, '2022-07-05', 8, 1),
(9, '2022-07-05', 8, 1),
(10, '2022-07-05', 8, 1),
(3, '2022-07-06', 10, 1),
(4, '2022-07-06', 8, 1),
(5, '2022-07-06', 8, 1),
(6, '2022-07-06', 8, 1),
(9, '2022-07-06', 8, 1),
(10, '2022-07-06', 8, 1),
(3, '2022-07-07', 5, 1),
(4, '2022-07-07', 10, 1),
(5, '2022-07-07', 8, 1),
(6, '2022-07-07', 8, 1),
(9, '2022-07-07', 8, 1),
(10, '2022-07-07', 8, 1),
(3, '2022-07-08', 3, 1),
(4, '2022-07-08', 6, 1),
(5, '2022-07-08', 6, 1),
(6, '2022-07-08', 8, 1),
(9, '2022-07-08', 6, 1),
(10, '2022-07-08', 6, 1),
(3, '2022-07-09', 0, 1),
(4, '2022-07-09', 12, 1),
(5, '2022-07-09', 0, 1),
(6, '2022-07-09', 0, 1),
(9, '2022-07-09', 0, 1),
(10, '2022-07-09', 0, 1),
(3, '2022-07-10', 5, 1),
(4, '2022-07-10', 5, 1),
(5, '2022-07-10', 0, 1),
(6, '2022-07-10', 0, 1),
(9, '2022-07-10', 0, 1),
(10, '2022-07-10', 0, 1),
(3, '2022-07-11', 5, 1),
(4, '2022-07-11', 0, 1),
(5, '2022-07-11', 8, 1),
(6, '2022-07-11', 8, 1),
(9, '2022-07-11', 8, 1),
(10, '2022-07-11', 8, 1),
(3, '2022-07-12', 9, 1),
(4, '2022-07-12', 5, 1),
(5, '2022-07-12', 8, 1),
(6, '2022-07-12', 8, 1),
(9, '2022-07-12', 8, 1),
(10, '2022-07-12', 8, 1),
(3, '2022-07-13', 12, 1),
(4, '2022-07-13', 11, 1),
(5, '2022-07-13', 8, 6),
(6, '2022-07-13', 8, 1),
(9, '2022-07-13', 8, 1),
(10, '2022-07-13', 8, 1),
(3, '2022-07-14', 7, 1),
(4, '2022-07-14', 0, 1),
(5, '2022-07-14', 8, 1),
(6, '2022-07-14', 8, 1),
(9, '2022-07-14', 8, 1),
(10, '2022-07-14', 8, 1),
(3, '2022-07-15', 12, 1),
(4, '2022-07-15', 3, 1),
(5, '2022-07-15', 6, 1),
(6, '2022-07-15', 8, 1),
(9, '2022-07-15', 6, 1),
(10, '2022-07-15', 6, 1),
(3, '2022-07-16', 7, 1),
(4, '2022-07-16', 5, 1),
(5, '2022-07-16', 0, 1),
(6, '2022-07-16', 0, 1),
(9, '2022-07-16', 0, 1),
(10, '2022-07-16', 0, 1),
(3, '2022-07-17', 7, 1),
(4, '2022-07-17', 0, 1),
(5, '2022-07-17', 0, 1),
(6, '2022-07-17', 0, 1),
(9, '2022-07-17', 0, 1),
(10, '2022-07-17', 0, 1),
(3, '2022-07-18', 4, 1),
(4, '2022-07-18', 8, 1),
(5, '2022-07-18', 8, 1),
(6, '2022-07-18', 8, 1),
(9, '2022-07-18', 8, 4),
(10, '2022-07-18', 8, 1),
(3, '2022-07-19', 9, 1),
(4, '2022-07-19', 0, 1),
(5, '2022-07-19', 8, 1),
(6, '2022-07-19', 8, 1),
(9, '2022-07-19', 8, 1),
(10, '2022-07-19', 8, 1),
(3, '2022-07-20', 1, 1),
(4, '2022-07-20', 8, 1),
(5, '2022-07-20', 8, 1),
(6, '2022-07-20', 8, 1),
(9, '2022-07-20', 8, 1),
(10, '2022-07-20', 8, 1),
(3, '2022-07-21', 6, 1),
(4, '2022-07-21', 12, 1),
(5, '2022-07-21', 8, 1),
(6, '2022-07-21', 8, 1),
(9, '2022-07-21', 8, 1),
(10, '2022-07-21', 8, 1),
(3, '2022-07-22', 1, 1),
(4, '2022-07-22', 11, 1),
(5, '2022-07-22', 6, 1),
(6, '2022-07-22', 8, 1),
(9, '2022-07-22', 6, 1),
(10, '2022-07-22', 6, 1),
(3, '2022-07-23', 3, 2),
(4, '2022-07-23', 10, 1),
(5, '2022-07-23', 0, 1),
(6, '2022-07-23', 0, 1),
(9, '2022-07-23', 0, 1),
(10, '2022-07-23', 0, 1),
(3, '2022-07-24', 9, 1),
(4, '2022-07-24', 10, 1),
(5, '2022-07-24', 0, 1),
(6, '2022-07-24', 0, 1),
(9, '2022-07-24', 0, 1),
(10, '2022-07-24', 0, 1),
(3, '2022-07-25', 5, 1),
(4, '2022-07-25', 4, 1),
(5, '2022-07-25', 8, 1),
(6, '2022-07-25', 8, 1),
(9, '2022-07-25', 8, 1),
(10, '2022-07-25', 8, 1),
(3, '2022-07-26', 6, 1),
(4, '2022-07-26', 8, 1),
(5, '2022-07-26', 8, 1),
(6, '2022-07-26', 8, 1),
(9, '2022-07-26', 8, 1),
(10, '2022-07-26', 8, 1),
(3, '2022-07-27', 8, 1),
(4, '2022-07-27', 10, 1),
(5, '2022-07-27', 8, 1),
(6, '2022-07-27', 8, 1),
(9, '2022-07-27', 8, 1),
(10, '2022-07-27', 8, 1),
(3, '2022-07-28', 10, 1),
(4, '2022-07-28', 3, 1),
(5, '2022-07-28', 8, 1),
(6, '2022-07-28', 8, 1),
(9, '2022-07-28', 8, 1),
(10, '2022-07-28', 8, 1),
(3, '2022-07-29', 1, 1),
(4, '2022-07-29', 5, 1),
(5, '2022-07-29', 6, 1),
(6, '2022-07-29', 8, 1),
(9, '2022-07-29', 6, 1),
(10, '2022-07-29', 6, 1),
(3, '2022-07-30', 10, 1),
(4, '2022-07-30', 7, 1),
(5, '2022-07-30', 0, 1),
(6, '2022-07-30', 0, 1),
(9, '2022-07-30', 0, 1),
(10, '2022-07-30', 0, 1),
(3, '2022-07-31', 4, 1),
(4, '2022-07-31', 9, 1),
(5, '2022-07-31', 0, 1),
(6, '2022-07-31', 0, 1),
(9, '2022-07-31', 0, 1),
(10, '2022-07-31', 0, 1),
(3, '2022-08-01', 10, 1),
(4, '2022-08-01', 11, 1),
(5, '2022-08-01', 8, 1),
(6, '2022-08-01', 8, 1),
(9, '2022-08-01', 8, 1),
(10, '2022-08-01', 8, 1),
(3, '2022-08-02', 10, 1),
(4, '2022-08-02', 3, 1),
(5, '2022-08-02', 8, 1),
(6, '2022-08-02', 8, 1),
(9, '2022-08-02', 8, 1),
(10, '2022-08-02', 8, 1),
(3, '2022-08-03', 11, 1),
(4, '2022-08-03', 2, 1),
(5, '2022-08-03', 8, 1),
(6, '2022-08-03', 8, 1),
(9, '2022-08-03', 8, 1),
(10, '2022-08-03', 8, 1),
(3, '2022-08-04', 0, 1),
(4, '2022-08-04', 5, 1),
(5, '2022-08-04', 8, 1),
(6, '2022-08-04', 8, 1),
(9, '2022-08-04', 8, 1),
(10, '2022-08-04', 8, 1),
(3, '2022-08-05', 6, 1),
(4, '2022-08-05', 1, 1),
(5, '2022-08-05', 6, 1),
(6, '2022-08-05', 8, 1),
(9, '2022-08-05', 6, 1),
(10, '2022-08-05', 6, 1),
(3, '2022-08-06', 1, 1),
(4, '2022-08-06', 1, 1),
(5, '2022-08-06', 0, 1),
(6, '2022-08-06', 0, 1),
(9, '2022-08-06', 0, 1),
(10, '2022-08-06', 0, 1),
(3, '2022-08-07', 12, 1),
(4, '2022-08-07', 9, 1),
(5, '2022-08-07', 0, 1),
(6, '2022-08-07', 0, 1),
(9, '2022-08-07', 0, 1),
(10, '2022-08-07', 0, 1),
(3, '2022-08-08', 8, 1),
(4, '2022-08-08', 3, 1),
(5, '2022-08-08', 8, 1),
(6, '2022-08-08', 8, 1),
(9, '2022-08-08', 8, 1),
(10, '2022-08-08', 8, 1),
(3, '2022-08-09', 9, 1),
(4, '2022-08-09', 0, 1),
(5, '2022-08-09', 8, 1),
(6, '2022-08-09', 8, 1),
(9, '2022-08-09', 8, 1),
(10, '2022-08-09', 8, 1),
(3, '2022-08-10', 10, 1),
(4, '2022-08-10', 2, 1),
(5, '2022-08-10', 8, 1),
(6, '2022-08-10', 8, 1),
(9, '2022-08-10', 8, 1),
(10, '2022-08-10', 8, 1),
(3, '2022-08-11', 0, 1),
(4, '2022-08-11', 9, 1),
(5, '2022-08-11', 8, 1),
(6, '2022-08-11', 8, 1),
(9, '2022-08-11', 8, 1),
(10, '2022-08-11', 8, 1),
(3, '2022-08-12', 7, 1),
(4, '2022-08-12', 7, 1),
(5, '2022-08-12', 6, 1),
(6, '2022-08-12', 8, 1),
(9, '2022-08-12', 6, 1),
(10, '2022-08-12', 6, 1),
(3, '2022-08-13', 10, 1),
(4, '2022-08-13', 11, 1),
(5, '2022-08-13', 0, 1),
(6, '2022-08-13', 0, 1),
(9, '2022-08-13', 0, 1),
(10, '2022-08-13', 0, 1),
(3, '2022-08-14', 1, 1),
(4, '2022-08-14', 6, 1),
(5, '2022-08-14', 0, 1),
(6, '2022-08-14', 0, 1),
(9, '2022-08-14', 0, 1),
(10, '2022-08-14', 0, 1),
(3, '2022-08-15', 9, 1),
(4, '2022-08-15', 8, 1),
(5, '2022-08-15', 8, 1),
(6, '2022-08-15', 8, 1),
(9, '2022-08-15', 8, 1),
(10, '2022-08-15', 8, 1),
(3, '2022-08-16', 0, 1),
(4, '2022-08-16', 6, 1),
(5, '2022-08-16', 8, 3),
(6, '2022-08-16', 8, 1),
(9, '2022-08-16', 8, 1),
(10, '2022-08-16', 8, 1),
(3, '2022-08-17', 8, 1),
(4, '2022-08-17', 5, 1),
(5, '2022-08-17', 8, 1),
(6, '2022-08-17', 8, 1),
(9, '2022-08-17', 8, 1),
(10, '2022-08-17', 8, 1),
(3, '2022-08-18', 9, 1),
(4, '2022-08-18', 9, 1),
(5, '2022-08-18', 8, 1),
(6, '2022-08-18', 8, 1),
(9, '2022-08-18', 8, 1),
(10, '2022-08-18', 8, 1),
(3, '2022-08-19', 5, 1),
(4, '2022-08-19', 11, 1),
(5, '2022-08-19', 6, 1),
(6, '2022-08-19', 8, 1),
(9, '2022-08-19', 6, 1),
(10, '2022-08-19', 6, 1),
(3, '2022-08-20', 11, 2),
(4, '2022-08-20', 5, 1),
(5, '2022-08-20', 0, 1),
(6, '2022-08-20', 0, 1),
(9, '2022-08-20', 0, 1),
(10, '2022-08-20', 0, 1),
(3, '2022-08-21', 6, 1),
(4, '2022-08-21', 11, 1),
(5, '2022-08-21', 0, 1),
(6, '2022-08-21', 0, 1),
(9, '2022-08-21', 0, 1),
(10, '2022-08-21', 0, 1),
(3, '2022-08-22', 8, 1),
(4, '2022-08-22', 6, 1),
(5, '2022-08-22', 8, 1),
(6, '2022-08-22', 8, 1),
(9, '2022-08-22', 8, 1),
(10, '2022-08-22', 8, 1),
(3, '2022-08-23', 0, 1),
(4, '2022-08-23', 1, 1),
(5, '2022-08-23', 8, 1),
(6, '2022-08-23', 8, 1),
(9, '2022-08-23', 8, 1),
(10, '2022-08-23', 8, 1),
(3, '2022-08-24', 5, 3),
(4, '2022-08-24', 12, 1),
(5, '2022-08-24', 8, 1),
(6, '2022-08-24', 8, 1),
(9, '2022-08-24', 8, 1),
(10, '2022-08-24', 8, 1),
(3, '2022-08-25', 4, 1),
(4, '2022-08-25', 1, 1),
(5, '2022-08-25', 8, 1),
(6, '2022-08-25', 8, 1),
(9, '2022-08-25', 8, 1),
(10, '2022-08-25', 8, 1),
(3, '2022-08-26', 9, 1),
(4, '2022-08-26', 8, 1),
(5, '2022-08-26', 6, 1),
(6, '2022-08-26', 8, 6),
(9, '2022-08-26', 6, 1),
(10, '2022-08-26', 6, 1),
(2, '2022-08-27', 0, 1),
(3, '2022-08-27', 12, 1),
(4, '2022-08-27', 0, 1),
(5, '2022-08-27', 0, 1),
(6, '2022-08-27', 0, 1),
(9, '2022-08-27', 0, 1),
(10, '2022-08-27', 0, 1),
(2, '2022-08-28', 0, 1),
(3, '2022-08-28', 12, 1),
(4, '2022-08-28', 8, 1),
(5, '2022-08-28', 0, 1),
(6, '2022-08-28', 0, 1),
(9, '2022-08-28', 0, 1),
(10, '2022-08-28', 0, 1),
(2, '2022-08-29', 8, 1),
(3, '2022-08-29', 12, 1),
(4, '2022-08-29', 6, 1),
(5, '2022-08-29', 8, 1),
(6, '2022-08-29', 8, 1),
(9, '2022-08-29', 8, 1),
(10, '2022-08-29', 8, 1),
(2, '2022-08-30', 8, 1),
(3, '2022-08-30', 11, 1),
(4, '2022-08-30', 8, 1),
(5, '2022-08-30', 8, 1),
(6, '2022-08-30', 8, 1),
(9, '2022-08-30', 8, 1),
(10, '2022-08-30', 8, 1),
(2, '2022-08-31', 8, 1),
(3, '2022-08-31', 10, 1),
(4, '2022-08-31', 11, 1),
(5, '2022-08-31', 8, 1),
(6, '2022-08-31', 8, 1),
(9, '2022-08-31', 8, 1),
(10, '2022-08-31', 8, 1),
(2, '2022-09-01', 8, 1),
(3, '2022-09-01', 10, 1),
(4, '2022-09-01', 6, 1),
(5, '2022-09-01', 8, 2),
(6, '2022-09-01', 8, 1),
(9, '2022-09-01', 8, 1),
(10, '2022-09-01', 8, 1),
(2, '2022-09-02', 8, 1),
(3, '2022-09-02', 10, 1),
(4, '2022-09-02', 7, 1),
(5, '2022-09-02', 6, 1),
(6, '2022-09-02', 8, 1),
(9, '2022-09-02', 6, 1),
(10, '2022-09-02', 6, 1),
(2, '2022-09-03', 0, 1),
(3, '2022-09-03', 0, 1),
(4, '2022-09-03', 11, 1),
(5, '2022-09-03', 0, 1),
(6, '2022-09-03', 0, 1),
(9, '2022-09-03', 0, 1),
(10, '2022-09-03', 0, 1),
(1, '2022-09-04', 0, 1),
(2, '2022-09-04', 0, 1),
(3, '2022-09-04', 7, 1),
(4, '2022-09-04', 4, 1),
(5, '2022-09-04', 0, 1),
(6, '2022-09-04', 0, 1),
(9, '2022-09-04', 0, 1),
(10, '2022-09-04', 0, 1),
(1, '2022-09-05', 8, 1),
(2, '2022-09-05', 8, 1),
(3, '2022-09-05', 4, 1),
(4, '2022-09-05', 10, 1),
(5, '2022-09-05', 8, 1),
(6, '2022-09-05', 8, 1),
(9, '2022-09-05', 8, 1),
(10, '2022-09-05', 8, 1),
(1, '2022-09-06', 8, 1),
(2, '2022-09-06', 8, 1),
(3, '2022-09-06', 4, 1),
(4, '2022-09-06', 10, 1),
(5, '2022-09-06', 8, 1),
(6, '2022-09-06', 8, 1),
(9, '2022-09-06', 8, 1),
(10, '2022-09-06', 8, 1),
(1, '2022-09-07', 8, 1),
(2, '2022-09-07', 8, 1),
(3, '2022-09-07', 5, 1),
(4, '2022-09-07', 4, 1),
(5, '2022-09-07', 8, 1),
(6, '2022-09-07', 8, 1),
(9, '2022-09-07', 8, 1),
(10, '2022-09-07', 8, 1),
(1, '2022-09-08', 8, 1),
(2, '2022-09-08', 8, 1),
(3, '2022-09-08', 0, 1),
(4, '2022-09-08', 10, 1),
(5, '2022-09-08', 8, 1),
(6, '2022-09-08', 8, 1),
(9, '2022-09-08', 8, 1),
(10, '2022-09-08', 8, 1),
(1, '2022-09-09', 8, 1),
(2, '2022-09-09', 8, 1),
(3, '2022-09-09', 2, 1),
(4, '2022-09-09', 7, 1),
(5, '2022-09-09', 6, 1),
(6, '2022-09-09', 8, 1),
(9, '2022-09-09', 6, 1),
(10, '2022-09-09', 6, 1),
(1, '2022-09-10', 0, 1),
(2, '2022-09-10', 0, 1),
(3, '2022-09-10', 4, 1),
(4, '2022-09-10', 0, 1),
(5, '2022-09-10', 0, 1),
(6, '2022-09-10', 0, 1),
(9, '2022-09-10', 0, 1),
(10, '2022-09-10', 0, 1),
(1, '2022-09-11', 0, 1),
(2, '2022-09-11', 0, 1),
(3, '2022-09-11', 11, 1),
(4, '2022-09-11', 9, 1),
(5, '2022-09-11', 0, 1),
(6, '2022-09-11', 0, 1),
(9, '2022-09-11', 0, 1),
(10, '2022-09-11', 0, 1),
(1, '2022-09-12', 8, 1),
(2, '2022-09-12', 8, 1),
(3, '2022-09-12', 11, 1),
(4, '2022-09-12', 5, 1),
(5, '2022-09-12', 8, 1),
(6, '2022-09-12', 8, 1),
(7, '2022-09-12', 8, 6),
(9, '2022-09-12', 8, 1),
(10, '2022-09-12', 8, 1),
(1, '2022-09-13', 8, 1),
(2, '2022-09-13', 8, 1),
(3, '2022-09-13', 12, 1),
(4, '2022-09-13', 8, 4),
(5, '2022-09-13', 8, 1),
(6, '2022-09-13', 8, 1),
(7, '2022-09-13', 8, 1),
(9, '2022-09-13', 8, 1),
(10, '2022-09-13', 8, 1),
(1, '2022-09-14', 8, 1),
(2, '2022-09-14', 8, 1),
(3, '2022-09-14', 3, 1),
(4, '2022-09-14', 3, 1),
(5, '2022-09-14', 8, 1),
(6, '2022-09-14', 8, 1),
(7, '2022-09-14', 8, 1),
(9, '2022-09-14', 8, 4),
(10, '2022-09-14', 8, 1),
(1, '2022-09-15', 8, 1),
(2, '2022-09-15', 8, 1),
(3, '2022-09-15', 0, 1),
(4, '2022-09-15', 10, 1),
(5, '2022-09-15', 8, 1),
(6, '2022-09-15', 8, 1),
(7, '2022-09-15', 8, 1),
(9, '2022-09-15', 8, 1),
(10, '2022-09-15', 8, 3),
(1, '2022-09-16', 8, 1),
(2, '2022-09-16', 8, 1),
(3, '2022-09-16', 2, 1),
(4, '2022-09-16', 12, 1),
(5, '2022-09-16', 6, 1),
(6, '2022-09-16', 8, 1),
(7, '2022-09-16', 8, 1),
(9, '2022-09-16', 6, 1),
(10, '2022-09-16', 6, 1),
(1, '2022-09-17', 0, 1),
(2, '2022-09-17', 0, 1),
(3, '2022-09-17', 0, 1),
(4, '2022-09-17', 6, 1),
(5, '2022-09-17', 0, 1),
(6, '2022-09-17', 0, 1),
(7, '2022-09-17', 0, 1),
(9, '2022-09-17', 0, 1),
(10, '2022-09-17', 0, 1),
(1, '2022-09-18', 0, 1),
(2, '2022-09-18', 0, 1),
(3, '2022-09-18', 11, 1),
(4, '2022-09-18', 6, 1),
(5, '2022-09-18', 0, 1),
(6, '2022-09-18', 0, 1),
(7, '2022-09-18', 0, 1),
(9, '2022-09-18', 0, 1),
(10, '2022-09-18', 0, 1),
(1, '2022-09-19', 8, 1),
(2, '2022-09-19', 8, 1),
(3, '2022-09-19', 5, 1),
(4, '2022-09-19', 9, 1),
(5, '2022-09-19', 8, 1),
(6, '2022-09-19', 8, 1),
(7, '2022-09-19', 8, 1),
(9, '2022-09-19', 8, 1),
(10, '2022-09-19', 8, 1),
(1, '2022-09-20', 8, 1),
(2, '2022-09-20', 8, 1),
(3, '2022-09-20', 0, 1),
(4, '2022-09-20', 3, 1),
(5, '2022-09-20', 8, 1),
(6, '2022-09-20', 8, 1),
(7, '2022-09-20', 8, 1),
(9, '2022-09-20', 8, 1),
(10, '2022-09-20', 8, 1),
(1, '2022-09-21', 8, 1),
(2, '2022-09-21', 8, 1),
(3, '2022-09-21', 5, 1),
(4, '2022-09-21', 0, 1),
(5, '2022-09-21', 8, 1),
(6, '2022-09-21', 8, 1),
(7, '2022-09-21', 8, 1),
(9, '2022-09-21', 8, 1),
(10, '2022-09-21', 8, 1),
(1, '2022-09-22', 8, 1),
(2, '2022-09-22', 8, 2),
(3, '2022-09-22', 2, 1),
(4, '2022-09-22', 8, 1),
(5, '2022-09-22', 8, 1),
(6, '2022-09-22', 8, 1),
(7, '2022-09-22', 8, 1),
(9, '2022-09-22', 8, 1),
(10, '2022-09-22', 8, 1),
(1, '2022-09-23', 8, 1),
(2, '2022-09-23', 8, 1),
(3, '2022-09-23', 2, 1),
(4, '2022-09-23', 10, 1),
(5, '2022-09-23', 6, 1),
(6, '2022-09-23', 8, 1),
(7, '2022-09-23', 8, 1),
(9, '2022-09-23', 6, 1),
(10, '2022-09-23', 6, 1),
(1, '2022-09-24', 0, 1),
(2, '2022-09-24', 0, 1),
(3, '2022-09-24', 10, 1),
(4, '2022-09-24', 5, 1),
(5, '2022-09-24', 0, 1),
(6, '2022-09-24', 0, 1),
(7, '2022-09-24', 0, 1),
(9, '2022-09-24', 0, 1),
(10, '2022-09-24', 0, 1),
(1, '2022-09-25', 0, 1),
(2, '2022-09-25', 0, 1),
(3, '2022-09-25', 11, 1),
(4, '2022-09-25', 3, 1),
(5, '2022-09-25', 0, 1),
(6, '2022-09-25', 0, 1),
(7, '2022-09-25', 0, 1),
(9, '2022-09-25', 0, 1),
(10, '2022-09-25', 0, 1),
(1, '2022-09-26', 8, 1),
(2, '2022-09-26', 8, 1),
(3, '2022-09-26', 0, 1),
(4, '2022-09-26', 12, 1),
(5, '2022-09-26', 8, 1),
(6, '2022-09-26', 8, 1),
(7, '2022-09-26', 8, 1),
(9, '2022-09-26', 8, 1),
(10, '2022-09-26', 8, 1),
(1, '2022-09-27', 8, 1),
(2, '2022-09-27', 8, 1),
(3, '2022-09-27', 2, 1),
(4, '2022-09-27', 8, 1),
(5, '2022-09-27', 8, 1),
(6, '2022-09-27', 8, 1),
(7, '2022-09-27', 8, 1),
(9, '2022-09-27', 8, 1),
(10, '2022-09-27', 8, 3),
(1, '2022-09-28', 8, 1),
(2, '2022-09-28', 8, 1),
(3, '2022-09-28', 4, 1),
(4, '2022-09-28', 5, 1),
(5, '2022-09-28', 8, 1),
(6, '2022-09-28', 8, 1),
(7, '2022-09-28', 8, 1),
(9, '2022-09-28', 8, 1),
(10, '2022-09-28', 8, 1),
(1, '2022-09-29', 8, 1),
(2, '2022-09-29', 8, 1),
(3, '2022-09-29', 10, 1),
(4, '2022-09-29', 9, 1),
(5, '2022-09-29', 8, 1),
(6, '2022-09-29', 8, 1),
(7, '2022-09-29', 8, 1),
(9, '2022-09-29', 8, 1),
(10, '2022-09-29', 8, 1),
(1, '2022-09-30', 8, 1),
(2, '2022-09-30', 8, 1),
(3, '2022-09-30', 3, 1),
(4, '2022-09-30', 1, 1),
(5, '2022-09-30', 6, 1),
(6, '2022-09-30', 8, 1),
(7, '2022-09-30', 8, 1),
(9, '2022-09-30', 6, 1),
(10, '2022-09-30', 6, 1),
(1, '2022-10-01', 0, 1),
(2, '2022-10-01', 0, 1),
(3, '2022-10-01', 0, 1),
(4, '2022-10-01', 11, 1),
(5, '2022-10-01', 0, 1),
(6, '2022-10-01', 0, 1),
(7, '2022-10-01', 0, 1),
(9, '2022-10-01', 0, 1),
(10, '2022-10-01', 0, 1),
(1, '2022-10-02', 0, 1),
(2, '2022-10-02', 0, 1),
(3, '2022-10-02', 5, 1),
(4, '2022-10-02', 12, 1),
(5, '2022-10-02', 0, 1),
(6, '2022-10-02', 0, 1),
(7, '2022-10-02', 0, 1),
(8, '2022-10-02', 0, 1),
(9, '2022-10-02', 0, 1),
(10, '2022-10-02', 0, 1),
(1, '2022-10-03', 8, 1),
(2, '2022-10-03', 8, 1),
(3, '2022-10-03', 5, 1),
(4, '2022-10-03', 5, 1),
(5, '2022-10-03', 8, 1),
(6, '2022-10-03', 8, 1),
(7, '2022-10-03', 8, 1),
(8, '2022-10-03', 8, 1),
(9, '2022-10-03', 8, 1),
(10, '2022-10-03', 8, 1),
(1, '2022-10-04', 8, 1),
(2, '2022-10-04', 8, 1),
(3, '2022-10-04', 12, 1),
(4, '2022-10-04', 0, 1),
(5, '2022-10-04', 8, 1),
(6, '2022-10-04', 8, 1),
(7, '2022-10-04', 8, 1),
(8, '2022-10-04', 8, 1),
(9, '2022-10-04', 8, 1),
(10, '2022-10-04', 8, 1),
(1, '2022-10-05', 8, 1),
(2, '2022-10-05', 8, 5),
(3, '2022-10-05', 1, 1),
(4, '2022-10-05', 11, 1),
(5, '2022-10-05', 8, 1),
(6, '2022-10-05', 8, 1),
(7, '2022-10-05', 8, 1),
(8, '2022-10-05', 8, 1),
(9, '2022-10-05', 8, 1),
(10, '2022-10-05', 8, 1),
(1, '2022-10-06', 8, 1),
(2, '2022-10-06', 8, 1),
(3, '2022-10-06', 11, 1),
(4, '2022-10-06', 0, 1),
(5, '2022-10-06', 8, 1),
(6, '2022-10-06', 8, 1),
(7, '2022-10-06', 8, 3),
(8, '2022-10-06', 8, 1),
(9, '2022-10-06', 8, 1),
(10, '2022-10-06', 8, 1),
(1, '2022-10-07', 8, 1),
(2, '2022-10-07', 8, 1),
(3, '2022-10-07', 3, 1),
(4, '2022-10-07', 1, 1),
(5, '2022-10-07', 6, 1),
(6, '2022-10-07', 8, 1),
(7, '2022-10-07', 8, 1),
(8, '2022-10-07', 6, 1),
(9, '2022-10-07', 6, 1),
(10, '2022-10-07', 6, 1),
(1, '2022-10-08', 0, 1),
(2, '2022-10-08', 0, 1),
(3, '2022-10-08', 12, 1),
(4, '2022-10-08', 10, 1),
(5, '2022-10-08', 0, 1),
(6, '2022-10-08', 0, 1),
(7, '2022-10-08', 0, 1),
(8, '2022-10-08', 0, 1),
(9, '2022-10-08', 0, 1),
(10, '2022-10-08', 0, 1),
(1, '2022-10-09', 0, 1),
(2, '2022-10-09', 0, 1),
(3, '2022-10-09', 10, 1),
(4, '2022-10-09', 1, 1),
(5, '2022-10-09', 0, 1),
(6, '2022-10-09', 0, 1),
(7, '2022-10-09', 0, 1),
(8, '2022-10-09', 0, 1),
(9, '2022-10-09', 0, 1),
(10, '2022-10-09', 0, 1),
(1, '2022-10-10', 8, 1),
(2, '2022-10-10', 8, 1),
(3, '2022-10-10', 5, 1),
(4, '2022-10-10', 2, 1),
(5, '2022-10-10', 8, 1),
(6, '2022-10-10', 8, 1),
(7, '2022-10-10', 8, 1),
(8, '2022-10-10', 8, 1),
(9, '2022-10-10', 8, 1),
(10, '2022-10-10', 8, 1),
(1, '2022-10-11', 8, 1),
(2, '2022-10-11', 8, 1),
(3, '2022-10-11', 9, 1),
(4, '2022-10-11', 6, 1),
(5, '2022-10-11', 8, 1),
(6, '2022-10-11', 8, 1),
(7, '2022-10-11', 8, 1),
(8, '2022-10-11', 8, 1),
(9, '2022-10-11', 8, 1),
(10, '2022-10-11', 8, 1),
(1, '2022-10-12', 8, 1),
(2, '2022-10-12', 8, 1),
(3, '2022-10-12', 4, 1),
(4, '2022-10-12', 7, 1),
(5, '2022-10-12', 8, 1),
(6, '2022-10-12', 8, 1),
(7, '2022-10-12', 8, 1),
(8, '2022-10-12', 8, 1),
(9, '2022-10-12', 8, 1),
(10, '2022-10-12', 8, 1),
(1, '2022-10-13', 8, 1),
(2, '2022-10-13', 8, 1),
(3, '2022-10-13', 1, 1),
(4, '2022-10-13', 9, 1),
(5, '2022-10-13', 8, 1),
(6, '2022-10-13', 8, 1),
(7, '2022-10-13', 8, 1),
(8, '2022-10-13', 8, 1),
(9, '2022-10-13', 8, 1),
(10, '2022-10-13', 8, 1),
(1, '2022-10-14', 8, 1),
(2, '2022-10-14', 8, 4),
(3, '2022-10-14', 9, 1),
(4, '2022-10-14', 1, 1),
(5, '2022-10-14', 6, 1),
(6, '2022-10-14', 8, 1),
(7, '2022-10-14', 8, 1),
(8, '2022-10-14', 6, 1),
(9, '2022-10-14', 6, 1),
(10, '2022-10-14', 6, 1),
(1, '2022-10-15', 0, 1),
(2, '2022-10-15', 0, 1),
(3, '2022-10-15', 5, 1),
(4, '2022-10-15', 2, 1),
(5, '2022-10-15', 0, 1),
(6, '2022-10-15', 0, 1),
(7, '2022-10-15', 0, 1),
(8, '2022-10-15', 0, 1),
(9, '2022-10-15', 0, 1),
(10, '2022-10-15', 0, 1),
(1, '2022-10-16', 0, 1),
(2, '2022-10-16', 0, 1),
(3, '2022-10-16', 1, 1),
(4, '2022-10-16', 12, 1),
(5, '2022-10-16', 0, 1),
(6, '2022-10-16', 0, 1),
(7, '2022-10-16', 0, 1),
(8, '2022-10-16', 0, 1),
(9, '2022-10-16', 0, 1),
(10, '2022-10-16', 0, 1),
(1, '2022-10-17', 8, 1),
(2, '2022-10-17', 8, 4),
(3, '2022-10-17', 11, 1),
(4, '2022-10-17', 2, 1),
(5, '2022-10-17', 8, 1),
(6, '2022-10-17', 8, 1),
(7, '2022-10-17', 8, 1),
(8, '2022-10-17', 8, 1),
(9, '2022-10-17', 8, 1),
(10, '2022-10-17', 8, 1),
(1, '2022-10-18', 8, 1),
(2, '2022-10-18', 8, 1),
(3, '2022-10-18', 12, 1),
(4, '2022-10-18', 6, 1),
(5, '2022-10-18', 8, 1),
(6, '2022-10-18', 8, 1),
(7, '2022-10-18', 8, 1),
(8, '2022-10-18', 8, 1),
(9, '2022-10-18', 8, 1),
(10, '2022-10-18', 8, 1),
(1, '2022-10-19', 8, 1),
(2, '2022-10-19', 8, 1),
(3, '2022-10-19', 3, 1),
(4, '2022-10-19', 9, 1),
(5, '2022-10-19', 8, 1),
(6, '2022-10-19', 8, 1),
(7, '2022-10-19', 8, 1),
(8, '2022-10-19', 8, 1),
(9, '2022-10-19', 8, 3),
(10, '2022-10-19', 8, 1),
(1, '2022-10-20', 8, 1),
(2, '2022-10-20', 8, 1),
(3, '2022-10-20', 7, 1),
(4, '2022-10-20', 6, 1),
(5, '2022-10-20', 8, 1),
(6, '2022-10-20', 8, 1),
(7, '2022-10-20', 8, 1),
(8, '2022-10-20', 8, 1),
(9, '2022-10-20', 8, 1),
(10, '2022-10-20', 8, 1),
(1, '2022-10-21', 8, 1),
(2, '2022-10-21', 8, 1),
(3, '2022-10-21', 3, 1),
(4, '2022-10-21', 9, 1),
(5, '2022-10-21', 6, 1),
(6, '2022-10-21', 8, 1),
(7, '2022-10-21', 8, 1),
(8, '2022-10-21', 6, 1),
(9, '2022-10-21', 6, 1),
(10, '2022-10-21', 6, 1),
(1, '2022-10-22', 0, 1),
(2, '2022-10-22', 0, 1),
(3, '2022-10-22', 2, 1),
(4, '2022-10-22', 7, 1),
(5, '2022-10-22', 0, 1),
(6, '2022-10-22', 0, 1),
(7, '2022-10-22', 0, 1),
(8, '2022-10-22', 0, 1),
(9, '2022-10-22', 0, 1),
(10, '2022-10-22', 0, 1),
(1, '2022-10-23', 0, 1),
(2, '2022-10-23', 0, 1),
(3, '2022-10-23', 5, 1),
(4, '2022-10-23', 3, 1),
(5, '2022-10-23', 0, 1),
(6, '2022-10-23', 0, 1),
(7, '2022-10-23', 0, 1),
(8, '2022-10-23', 0, 1),
(9, '2022-10-23', 0, 1),
(10, '2022-10-23', 0, 1),
(1, '2022-10-24', 8, 1),
(2, '2022-10-24', 8, 1),
(3, '2022-10-24', 4, 1),
(4, '2022-10-24', 7, 1),
(5, '2022-10-24', 8, 1),
(6, '2022-10-24', 8, 1),
(7, '2022-10-24', 8, 1),
(8, '2022-10-24', 8, 1),
(9, '2022-10-24', 8, 1),
(10, '2022-10-24', 8, 1),
(1, '2022-10-25', 8, 1),
(2, '2022-10-25', 8, 1),
(3, '2022-10-25', 1, 1),
(4, '2022-10-25', 6, 1),
(5, '2022-10-25', 8, 1),
(6, '2022-10-25', 8, 1),
(7, '2022-10-25', 8, 1),
(8, '2022-10-25', 8, 1),
(9, '2022-10-25', 8, 1),
(10, '2022-10-25', 8, 1),
(1, '2022-10-26', 8, 1),
(2, '2022-10-26', 8, 1),
(3, '2022-10-26', 1, 1),
(4, '2022-10-26', 1, 1),
(5, '2022-10-26', 8, 1),
(6, '2022-10-26', 8, 1),
(7, '2022-10-26', 8, 1),
(8, '2022-10-26', 8, 1),
(9, '2022-10-26', 8, 1),
(10, '2022-10-26', 8, 1),
(1, '2022-10-27', 8, 1),
(2, '2022-10-27', 8, 1),
(3, '2022-10-27', 5, 1),
(4, '2022-10-27', 0, 1),
(5, '2022-10-27', 8, 1),
(6, '2022-10-27', 8, 1),
(7, '2022-10-27', 8, 1),
(8, '2022-10-27', 8, 1),
(9, '2022-10-27', 8, 1),
(10, '2022-10-27', 8, 1),
(1, '2022-10-28', 8, 1),
(2, '2022-10-28', 8, 1),
(3, '2022-10-28', 6, 1),
(4, '2022-10-28', 12, 1),
(5, '2022-10-28', 6, 1),
(6, '2022-10-28', 8, 1),
(7, '2022-10-28', 8, 1),
(8, '2022-10-28', 6, 1),
(9, '2022-10-28', 6, 1),
(10, '2022-10-28', 6, 1),
(1, '2022-10-29', 0, 1),
(2, '2022-10-29', 0, 1),
(3, '2022-10-29', 4, 1),
(4, '2022-10-29', 11, 1),
(5, '2022-10-29', 0, 1),
(6, '2022-10-29', 0, 1),
(7, '2022-10-29', 0, 1),
(8, '2022-10-29', 0, 1),
(9, '2022-10-29', 0, 1),
(10, '2022-10-29', 0, 1),
(1, '2022-10-30', 0, 1),
(2, '2022-10-30', 0, 1),
(3, '2022-10-30', 11, 1),
(4, '2022-10-30', 12, 1),
(5, '2022-10-30', 0, 1),
(6, '2022-10-30', 0, 1),
(7, '2022-10-30', 0, 1),
(8, '2022-10-30', 0, 1),
(9, '2022-10-30', 0, 1),
(10, '2022-10-30', 0, 1),
(1, '2022-10-31', 8, 1),
(2, '2022-10-31', 8, 1),
(3, '2022-10-31', 8, 1),
(4, '2022-10-31', 8, 1),
(5, '2022-10-31', 8, 1),
(6, '2022-10-31', 8, 1),
(7, '2022-10-31', 8, 1),
(8, '2022-10-31', 8, 1),
(9, '2022-10-31', 8, 3),
(10, '2022-10-31', 8, 1),
(1, '2022-11-01', 8, 1),
(2, '2022-11-01', 8, 1),
(3, '2022-11-01', 1, 1),
(4, '2022-11-01', 2, 1),
(5, '2022-11-01', 8, 1),
(6, '2022-11-01', 8, 1),
(7, '2022-11-01', 8, 1),
(8, '2022-11-01', 8, 1),
(9, '2022-11-01', 8, 1),
(10, '2022-11-01', 8, 1),
(1, '2022-11-02', 8, 1),
(2, '2022-11-02', 8, 1),
(3, '2022-11-02', 9, 1),
(4, '2022-11-02', 12, 1),
(5, '2022-11-02', 8, 1),
(6, '2022-11-02', 8, 1),
(7, '2022-11-02', 8, 1),
(8, '2022-11-02', 8, 1),
(9, '2022-11-02', 8, 1),
(10, '2022-11-02', 8, 1),
(1, '2022-11-03', 8, 1),
(2, '2022-11-03', 8, 1),
(3, '2022-11-03', 4, 1),
(4, '2022-11-03', 4, 1),
(5, '2022-11-03', 8, 1),
(6, '2022-11-03', 8, 1),
(7, '2022-11-03', 8, 1),
(8, '2022-11-03', 8, 1),
(9, '2022-11-03', 8, 1),
(10, '2022-11-03', 8, 1),
(1, '2022-11-04', 8, 1),
(2, '2022-11-04', 8, 1),
(3, '2022-11-04', 2, 1),
(4, '2022-11-04', 10, 1),
(5, '2022-11-04', 6, 1),
(6, '2022-11-04', 8, 1),
(7, '2022-11-04', 8, 1),
(8, '2022-11-04', 6, 1),
(9, '2022-11-04', 6, 4),
(10, '2022-11-04', 6, 1),
(1, '2022-11-05', 0, 1),
(2, '2022-11-05', 0, 1),
(3, '2022-11-05', 11, 1),
(4, '2022-11-05', 5, 1),
(5, '2022-11-05', 0, 1),
(6, '2022-11-05', 0, 1),
(7, '2022-11-05', 0, 1),
(8, '2022-11-05', 0, 1),
(9, '2022-11-05', 0, 1),
(10, '2022-11-05', 0, 1),
(1, '2022-11-06', 0, 1),
(2, '2022-11-06', 0, 1),
(3, '2022-11-06', 0, 1),
(4, '2022-11-06', 9, 1),
(5, '2022-11-06', 0, 1),
(6, '2022-11-06', 0, 1),
(7, '2022-11-06', 0, 1),
(8, '2022-11-06', 0, 1),
(9, '2022-11-06', 0, 1),
(10, '2022-11-06', 0, 1),
(1, '2022-11-07', 8, 1),
(2, '2022-11-07', 8, 6),
(3, '2022-11-07', 7, 1),
(4, '2022-11-07', 0, 1),
(5, '2022-11-07', 8, 1),
(6, '2022-11-07', 8, 1),
(7, '2022-11-07', 8, 1),
(8, '2022-11-07', 8, 1),
(9, '2022-11-07', 8, 1),
(10, '2022-11-07', 8, 1),
(1, '2022-11-08', 8, 1),
(2, '2022-11-08', 8, 1),
(3, '2022-11-08', 8, 1),
(4, '2022-11-08', 2, 1),
(5, '2022-11-08', 8, 1),
(6, '2022-11-08', 8, 1),
(7, '2022-11-08', 8, 1),
(8, '2022-11-08', 8, 1),
(9, '2022-11-08', 8, 1),
(10, '2022-11-08', 8, 1),
(1, '2022-11-09', 8, 1),
(2, '2022-11-09', 8, 1),
(3, '2022-11-09', 4, 1),
(4, '2022-11-09', 9, 1),
(5, '2022-11-09', 8, 1),
(6, '2022-11-09', 8, 1),
(7, '2022-11-09', 8, 1),
(8, '2022-11-09', 8, 1),
(9, '2022-11-09', 8, 1),
(10, '2022-11-09', 8, 6),
(1, '2022-11-10', 8, 1),
(2, '2022-11-10', 8, 1),
(3, '2022-11-10', 5, 1),
(4, '2022-11-10', 12, 1),
(5, '2022-11-10', 8, 1),
(6, '2022-11-10', 8, 1),
(7, '2022-11-10', 8, 1),
(8, '2022-11-10', 8, 1),
(9, '2022-11-10', 8, 1),
(10, '2022-11-10', 8, 1),
(1, '2022-11-11', 8, 1),
(2, '2022-11-11', 8, 1),
(3, '2022-11-11', 10, 1),
(4, '2022-11-11', 11, 1),
(5, '2022-11-11', 6, 1),
(6, '2022-11-11', 8, 1),
(7, '2022-11-11', 8, 1),
(8, '2022-11-11', 6, 1),
(9, '2022-11-11', 6, 1),
(10, '2022-11-11', 6, 1),
(1, '2022-11-12', 0, 1),
(2, '2022-11-12', 0, 1),
(3, '2022-11-12', 2, 1),
(4, '2022-11-12', 3, 1),
(5, '2022-11-12', 0, 1),
(6, '2022-11-12', 0, 1),
(7, '2022-11-12', 0, 1),
(8, '2022-11-12', 0, 1),
(9, '2022-11-12', 0, 1),
(10, '2022-11-12', 0, 1),
(1, '2022-11-13', 0, 1),
(2, '2022-11-13', 0, 1),
(3, '2022-11-13', 5, 1),
(4, '2022-11-13', 7, 1),
(5, '2022-11-13', 0, 1),
(6, '2022-11-13', 0, 1),
(7, '2022-11-13', 0, 1),
(8, '2022-11-13', 0, 1),
(9, '2022-11-13', 0, 1),
(10, '2022-11-13', 0, 1),
(1, '2022-11-14', 8, 1),
(2, '2022-11-14', 8, 1),
(3, '2022-11-14', 1, 1),
(4, '2022-11-14', 11, 1),
(5, '2022-11-14', 8, 1),
(6, '2022-11-14', 8, 1),
(7, '2022-11-14', 8, 1),
(8, '2022-11-14', 8, 1),
(9, '2022-11-14', 8, 1),
(10, '2022-11-14', 8, 1),
(1, '2022-11-15', 8, 1),
(2, '2022-11-15', 8, 1),
(3, '2022-11-15', 9, 1),
(4, '2022-11-15', 2, 1),
(5, '2022-11-15', 8, 1),
(6, '2022-11-15', 8, 1),
(7, '2022-11-15', 8, 1),
(8, '2022-11-15', 8, 1),
(9, '2022-11-15', 8, 1),
(10, '2022-11-15', 8, 1),
(1, '2022-11-16', 8, 1),
(2, '2022-11-16', 8, 1),
(3, '2022-11-16', 12, 1),
(4, '2022-11-16', 12, 1),
(5, '2022-11-16', 8, 1),
(6, '2022-11-16', 8, 1),
(7, '2022-11-16', 8, 1),
(8, '2022-11-16', 8, 1),
(9, '2022-11-16', 8, 1),
(10, '2022-11-16', 8, 1),
(1, '2022-11-17', 8, 1),
(2, '2022-11-17', 8, 1),
(3, '2022-11-17', 4, 1),
(4, '2022-11-17', 2, 1),
(5, '2022-11-17', 8, 1),
(6, '2022-11-17', 8, 1),
(7, '2022-11-17', 8, 1),
(8, '2022-11-17', 8, 1),
(9, '2022-11-17', 8, 1),
(10, '2022-11-17', 8, 1),
(1, '2022-11-18', 8, 1),
(2, '2022-11-18', 8, 1),
(3, '2022-11-18', 5, 1),
(4, '2022-11-18', 1, 1),
(5, '2022-11-18', 6, 1),
(6, '2022-11-18', 8, 1),
(7, '2022-11-18', 8, 1),
(8, '2022-11-18', 6, 1),
(9, '2022-11-18', 6, 1),
(10, '2022-11-18', 6, 1),
(1, '2022-11-19', 0, 1),
(2, '2022-11-19', 0, 1),
(3, '2022-11-19', 9, 1),
(4, '2022-11-19', 8, 1),
(5, '2022-11-19', 0, 1),
(6, '2022-11-19', 0, 1),
(7, '2022-11-19', 0, 1),
(8, '2022-11-19', 0, 1),
(9, '2022-11-19', 0, 1),
(10, '2022-11-19', 0, 1),
(1, '2022-11-20', 0, 1),
(2, '2022-11-20', 0, 1),
(3, '2022-11-20', 4, 1),
(4, '2022-11-20', 10, 1),
(5, '2022-11-20', 0, 1),
(6, '2022-11-20', 0, 1),
(7, '2022-11-20', 0, 1),
(8, '2022-11-20', 0, 1),
(9, '2022-11-20', 0, 1),
(10, '2022-11-20', 0, 1),
(1, '2022-11-21', 8, 1),
(2, '2022-11-21', 8, 1),
(3, '2022-11-21', 1, 1),
(4, '2022-11-21', 7, 1),
(5, '2022-11-21', 8, 1),
(6, '2022-11-21', 8, 1),
(7, '2022-11-21', 8, 6),
(8, '2022-11-21', 8, 1),
(9, '2022-11-21', 8, 1),
(10, '2022-11-21', 8, 1),
(1, '2022-11-22', 8, 1),
(2, '2022-11-22', 8, 1),
(3, '2022-11-22', 3, 1),
(4, '2022-11-22', 0, 1),
(5, '2022-11-22', 8, 1),
(6, '2022-11-22', 8, 1),
(7, '2022-11-22', 8, 1),
(8, '2022-11-22', 8, 1),
(9, '2022-11-22', 8, 1),
(10, '2022-11-22', 8, 1),
(1, '2022-11-23', 8, 1),
(2, '2022-11-23', 8, 1),
(3, '2022-11-23', 7, 1),
(4, '2022-11-23', 4, 1),
(5, '2022-11-23', 8, 1),
(6, '2022-11-23', 8, 1),
(7, '2022-11-23', 8, 1),
(8, '2022-11-23', 8, 1),
(9, '2022-11-23', 8, 5),
(10, '2022-11-23', 8, 1),
(1, '2022-11-24', 8, 1),
(2, '2022-11-24', 8, 1),
(3, '2022-11-24', 2, 1),
(4, '2022-11-24', 5, 1),
(5, '2022-11-24', 8, 1),
(6, '2022-11-24', 8, 1),
(7, '2022-11-24', 8, 1),
(8, '2022-11-24', 8, 1),
(9, '2022-11-24', 8, 1),
(10, '2022-11-24', 8, 1),
(1, '2022-11-25', 8, 1),
(2, '2022-11-25', 8, 1),
(3, '2022-11-25', 4, 1),
(4, '2022-11-25', 3, 1),
(5, '2022-11-25', 6, 1),
(6, '2022-11-25', 8, 1),
(7, '2022-11-25', 8, 1),
(8, '2022-11-25', 6, 1),
(9, '2022-11-25', 6, 1),
(10, '2022-11-25', 6, 1),
(1, '2022-11-26', 0, 1),
(2, '2022-11-26', 0, 1),
(3, '2022-11-26', 7, 1),
(4, '2022-11-26', 10, 1),
(5, '2022-11-26', 0, 1),
(6, '2022-11-26', 0, 1),
(7, '2022-11-26', 0, 1),
(8, '2022-11-26', 0, 1),
(9, '2022-11-26', 0, 1),
(10, '2022-11-26', 0, 1),
(1, '2022-11-27', 0, 1),
(2, '2022-11-27', 0, 1),
(3, '2022-11-27', 12, 1),
(4, '2022-11-27', 4, 1),
(5, '2022-11-27', 0, 1),
(6, '2022-11-27', 0, 1),
(7, '2022-11-27', 0, 1),
(8, '2022-11-27', 0, 1),
(9, '2022-11-27', 0, 1),
(10, '2022-11-27', 0, 1),
(1, '2022-11-28', 8, 1),
(2, '2022-11-28', 8, 1),
(3, '2022-11-28', 4, 1),
(4, '2022-11-28', 0, 1),
(5, '2022-11-28', 8, 1),
(6, '2022-11-28', 8, 1),
(7, '2022-11-28', 8, 1),
(8, '2022-11-28', 8, 1),
(9, '2022-11-28', 8, 1),
(10, '2022-11-28', 8, 1),
(1, '2022-11-29', 8, 1),
(2, '2022-11-29', 8, 1),
(3, '2022-11-29', 7, 1),
(4, '2022-11-29', 11, 1),
(5, '2022-11-29', 8, 1),
(6, '2022-11-29', 8, 1),
(7, '2022-11-29', 8, 1),
(8, '2022-11-29', 8, 1),
(9, '2022-11-29', 8, 1),
(10, '2022-11-29', 8, 1),
(1, '2022-11-30', 8, 1),
(2, '2022-11-30', 8, 1),
(3, '2022-11-30', 1, 1),
(4, '2022-11-30', 12, 1),
(5, '2022-11-30', 8, 1),
(6, '2022-11-30', 8, 1),
(7, '2022-11-30', 8, 1),
(8, '2022-11-30', 8, 1),
(9, '2022-11-30', 8, 1),
(10, '2022-11-30', 8, 1),
(1, '2022-12-01', 8, 1),
(2, '2022-12-01', 8, 1),
(3, '2022-12-01', 12, 1),
(4, '2022-12-01', 10, 1),
(5, '2022-12-01', 8, 1),
(6, '2022-12-01', 8, 1),
(7, '2022-12-01', 8, 1),
(8, '2022-12-01', 8, 1),
(9, '2022-12-01', 8, 1),
(10, '2022-12-01', 8, 1),
(1, '2022-12-02', 8, 1),
(2, '2022-12-02', 8, 1),
(3, '2022-12-02', 2, 1),
(4, '2022-12-02', 0, 1),
(5, '2022-12-02', 6, 1),
(6, '2022-12-02', 8, 1),
(7, '2022-12-02', 8, 1),
(8, '2022-12-02', 6, 1),
(9, '2022-12-02', 6, 1),
(10, '2022-12-02', 6, 1),
(1, '2022-12-03', 0, 1),
(2, '2022-12-03', 0, 1),
(3, '2022-12-03', 10, 1),
(4, '2022-12-03', 7, 1),
(5, '2022-12-03', 0, 1),
(6, '2022-12-03', 0, 1),
(7, '2022-12-03', 0, 1),
(8, '2022-12-03', 0, 1),
(9, '2022-12-03', 0, 1),
(10, '2022-12-03', 0, 1),
(1, '2022-12-04', 0, 1),
(2, '2022-12-04', 0, 1),
(3, '2022-12-04', 8, 1),
(4, '2022-12-04', 9, 1),
(5, '2022-12-04', 0, 1),
(6, '2022-12-04', 0, 1),
(7, '2022-12-04', 0, 1),
(8, '2022-12-04', 0, 1),
(9, '2022-12-04', 0, 1),
(10, '2022-12-04', 0, 1),
(1, '2022-12-05', 8, 1),
(2, '2022-12-05', 8, 1),
(3, '2022-12-05', 4, 1),
(4, '2022-12-05', 8, 1),
(5, '2022-12-05', 8, 1),
(6, '2022-12-05', 8, 1),
(7, '2022-12-05', 8, 1),
(8, '2022-12-05', 8, 1),
(9, '2022-12-05', 8, 1),
(10, '2022-12-05', 8, 1),
(1, '2022-12-06', 8, 1),
(2, '2022-12-06', 8, 1),
(3, '2022-12-06', 8, 1),
(4, '2022-12-06', 6, 1),
(5, '2022-12-06', 8, 1),
(6, '2022-12-06', 8, 1),
(7, '2022-12-06', 8, 1),
(8, '2022-12-06', 8, 1),
(9, '2022-12-06', 8, 1),
(10, '2022-12-06', 8, 1),
(1, '2022-12-07', 8, 1),
(2, '2022-12-07', 8, 1),
(3, '2022-12-07', 12, 1),
(4, '2022-12-07', 4, 1),
(5, '2022-12-07', 8, 1),
(6, '2022-12-07', 8, 1),
(7, '2022-12-07', 8, 1),
(8, '2022-12-07', 8, 1),
(9, '2022-12-07', 8, 1),
(10, '2022-12-07', 8, 1),
(1, '2022-12-08', 8, 1),
(2, '2022-12-08', 8, 1),
(3, '2022-12-08', 7, 1),
(4, '2022-12-08', 9, 1),
(5, '2022-12-08', 8, 1),
(6, '2022-12-08', 8, 1),
(7, '2022-12-08', 8, 1),
(8, '2022-12-08', 8, 1),
(9, '2022-12-08', 8, 1),
(10, '2022-12-08', 8, 1),
(1, '2022-12-09', 8, 1),
(2, '2022-12-09', 8, 1),
(3, '2022-12-09', 0, 1),
(4, '2022-12-09', 8, 1),
(5, '2022-12-09', 6, 1),
(6, '2022-12-09', 8, 1),
(7, '2022-12-09', 8, 1),
(8, '2022-12-09', 6, 1),
(9, '2022-12-09', 6, 1),
(10, '2022-12-09', 6, 1),
(1, '2022-12-10', 0, 1),
(2, '2022-12-10', 0, 1),
(3, '2022-12-10', 9, 1),
(4, '2022-12-10', 8, 1),
(5, '2022-12-10', 0, 1),
(6, '2022-12-10', 0, 1),
(7, '2022-12-10', 0, 1),
(8, '2022-12-10', 0, 1),
(9, '2022-12-10', 0, 1),
(10, '2022-12-10', 0, 1),
(1, '2022-12-11', 0, 1),
(2, '2022-12-11', 0, 1),
(3, '2022-12-11', 7, 2),
(4, '2022-12-11', 11, 1),
(5, '2022-12-11', 0, 1),
(6, '2022-12-11', 0, 1),
(7, '2022-12-11', 0, 1),
(8, '2022-12-11', 0, 1),
(9, '2022-12-11', 0, 1),
(10, '2022-12-11', 0, 1),
(1, '2022-12-12', 8, 1),
(2, '2022-12-12', 8, 1),
(3, '2022-12-12', 5, 1),
(4, '2022-12-12', 4, 1),
(5, '2022-12-12', 8, 1),
(6, '2022-12-12', 8, 1),
(7, '2022-12-12', 8, 1),
(8, '2022-12-12', 8, 1),
(9, '2022-12-12', 8, 1),
(10, '2022-12-12', 8, 1),
(1, '2022-12-13', 8, 1),
(2, '2022-12-13', 8, 1),
(3, '2022-12-13', 8, 1),
(4, '2022-12-13', 7, 1),
(5, '2022-12-13', 8, 1),
(6, '2022-12-13', 8, 1),
(7, '2022-12-13', 8, 1),
(8, '2022-12-13', 8, 1),
(9, '2022-12-13', 8, 1),
(10, '2022-12-13', 8, 1),
(1, '2022-12-14', 8, 1),
(2, '2022-12-14', 8, 1),
(3, '2022-12-14', 12, 1),
(4, '2022-12-14', 11, 1),
(5, '2022-12-14', 8, 1),
(6, '2022-12-14', 8, 1),
(7, '2022-12-14', 8, 1),
(8, '2022-12-14', 8, 1),
(9, '2022-12-14', 8, 1),
(10, '2022-12-14', 8, 1),
(1, '2022-12-15', 8, 1),
(2, '2022-12-15', 8, 1),
(3, '2022-12-15', 12, 1),
(4, '2022-12-15', 9, 1),
(5, '2022-12-15', 8, 1),
(6, '2022-12-15', 8, 1),
(7, '2022-12-15', 8, 3),
(8, '2022-12-15', 8, 1),
(9, '2022-12-15', 8, 1),
(10, '2022-12-15', 8, 1),
(1, '2022-12-16', 8, 1),
(2, '2022-12-16', 8, 1),
(3, '2022-12-16', 8, 1),
(4, '2022-12-16', 4, 1),
(5, '2022-12-16', 6, 1),
(6, '2022-12-16', 8, 1),
(7, '2022-12-16', 8, 1),
(8, '2022-12-16', 6, 1),
(9, '2022-12-16', 6, 1),
(10, '2022-12-16', 6, 1),
(1, '2022-12-17', 0, 1),
(2, '2022-12-17', 0, 1),
(3, '2022-12-17', 5, 1),
(4, '2022-12-17', 5, 1),
(5, '2022-12-17', 0, 1),
(6, '2022-12-17', 0, 1),
(7, '2022-12-17', 0, 1),
(8, '2022-12-17', 0, 1),
(9, '2022-12-17', 0, 1),
(10, '2022-12-17', 0, 1),
(1, '2022-12-18', 0, 1),
(2, '2022-12-18', 0, 1),
(3, '2022-12-18', 5, 1),
(4, '2022-12-18', 11, 1),
(5, '2022-12-18', 0, 1),
(6, '2022-12-18', 0, 1),
(7, '2022-12-18', 0, 1),
(8, '2022-12-18', 0, 1),
(9, '2022-12-18', 0, 1),
(10, '2022-12-18', 0, 1),
(1, '2022-12-19', 8, 1),
(2, '2022-12-19', 8, 1),
(3, '2022-12-19', 9, 1),
(4, '2022-12-19', 12, 1),
(5, '2022-12-19', 8, 1),
(6, '2022-12-19', 8, 1),
(7, '2022-12-19', 8, 1),
(8, '2022-12-19', 8, 1),
(9, '2022-12-19', 8, 1),
(10, '2022-12-19', 8, 1),
(1, '2022-12-20', 8, 1),
(2, '2022-12-20', 8, 1),
(3, '2022-12-20', 8, 1),
(4, '2022-12-20', 1, 1),
(5, '2022-12-20', 8, 1),
(6, '2022-12-20', 8, 1),
(7, '2022-12-20', 8, 1),
(8, '2022-12-20', 8, 1),
(9, '2022-12-20', 8, 1),
(10, '2022-12-20', 8, 1),
(1, '2022-12-21', 8, 4),
(2, '2022-12-21', 8, 1),
(3, '2022-12-21', 1, 1),
(4, '2022-12-21', 11, 1),
(5, '2022-12-21', 8, 1),
(6, '2022-12-21', 8, 1),
(7, '2022-12-21', 8, 1),
(8, '2022-12-21', 8, 1),
(9, '2022-12-21', 8, 1),
(10, '2022-12-21', 8, 1),
(1, '2022-12-22', 8, 1),
(2, '2022-12-22', 8, 1),
(3, '2022-12-22', 10, 1),
(4, '2022-12-22', 2, 1),
(5, '2022-12-22', 8, 1),
(6, '2022-12-22', 8, 1),
(7, '2022-12-22', 8, 1),
(8, '2022-12-22', 8, 1),
(9, '2022-12-22', 8, 1),
(10, '2022-12-22', 8, 1),
(1, '2022-12-23', 8, 1),
(2, '2022-12-23', 8, 1),
(3, '2022-12-23', 1, 1),
(4, '2022-12-23', 3, 1),
(5, '2022-12-23', 6, 1),
(6, '2022-12-23', 8, 1),
(7, '2022-12-23', 8, 1),
(8, '2022-12-23', 6, 1),
(9, '2022-12-23', 6, 1),
(10, '2022-12-23', 6, 1),
(1, '2022-12-24', 0, 1),
(2, '2022-12-24', 0, 1),
(3, '2022-12-24', 0, 1),
(4, '2022-12-24', 6, 1),
(5, '2022-12-24', 0, 1),
(6, '2022-12-24', 0, 1),
(7, '2022-12-24', 0, 1),
(8, '2022-12-24', 0, 1),
(9, '2022-12-24', 0, 1),
(10, '2022-12-24', 0, 1),
(1, '2022-12-25', 0, 1),
(2, '2022-12-25', 0, 1),
(3, '2022-12-25', 3, 1),
(4, '2022-12-25', 5, 1),
(5, '2022-12-25', 0, 1),
(6, '2022-12-25', 0, 1),
(7, '2022-12-25', 0, 1),
(8, '2022-12-25', 0, 1),
(9, '2022-12-25', 0, 1),
(10, '2022-12-25', 0, 1),
(1, '2022-12-26', 8, 1),
(2, '2022-12-26', 8, 1),
(3, '2022-12-26', 7, 1),
(4, '2022-12-26', 11, 1),
(5, '2022-12-26', 8, 1),
(6, '2022-12-26', 8, 1),
(7, '2022-12-26', 8, 1),
(8, '2022-12-26', 8, 1),
(9, '2022-12-26', 8, 1),
(10, '2022-12-26', 8, 1),
(1, '2022-12-27', 8, 1),
(2, '2022-12-27', 8, 1),
(3, '2022-12-27', 0, 1),
(4, '2022-12-27', 6, 1),
(5, '2022-12-27', 8, 1),
(6, '2022-12-27', 8, 1),
(7, '2022-12-27', 8, 1),
(8, '2022-12-27', 8, 1),
(9, '2022-12-27', 8, 1),
(10, '2022-12-27', 8, 1),
(1, '2022-12-28', 8, 1),
(2, '2022-12-28', 8, 1),
(3, '2022-12-28', 4, 1),
(4, '2022-12-28', 6, 1),
(5, '2022-12-28', 8, 1),
(6, '2022-12-28', 8, 1),
(7, '2022-12-28', 8, 1),
(8, '2022-12-28', 8, 1),
(9, '2022-12-28', 8, 1),
(10, '2022-12-28', 8, 1),
(1, '2022-12-29', 8, 3),
(2, '2022-12-29', 8, 1),
(3, '2022-12-29', 1, 1),
(4, '2022-12-29', 10, 1),
(5, '2022-12-29', 8, 1),
(6, '2022-12-29', 8, 1),
(7, '2022-12-29', 8, 1),
(8, '2022-12-29', 8, 1),
(9, '2022-12-29', 8, 1),
(10, '2022-12-29', 8, 1),
(1, '2022-12-30', 8, 1),
(2, '2022-12-30', 8, 1),
(3, '2022-12-30', 11, 1),
(4, '2022-12-30', 5, 1),
(5, '2022-12-30', 6, 1),
(6, '2022-12-30', 8, 1),
(7, '2022-12-30', 8, 1),
(8, '2022-12-30', 6, 1),
(9, '2022-12-30', 6, 1),
(10, '2022-12-30', 6, 1),
(1, '2022-12-31', 0, 1),
(2, '2022-12-31', 0, 1),
(3, '2022-12-31', 0, 1),
(4, '2022-12-31', 6, 1),
(5, '2022-12-31', 0, 1),
(6, '2022-12-31', 0, 1),
(7, '2022-12-31', 0, 1),
(8, '2022-12-31', 0, 1),
(9, '2022-12-31', 0, 1),
(10, '2022-12-31', 0, 1),
(1, '2023-01-01', 0, 1),
(2, '2023-01-01', 0, 1),
(3, '2023-01-01', 6, 1),
(4, '2023-01-01', 2, 1),
(5, '2023-01-01', 0, 1),
(6, '2023-01-01', 0, 1),
(7, '2023-01-01', 0, 1),
(8, '2023-01-01', 0, 1),
(9, '2023-01-01', 0, 1),
(10, '2023-01-01', 0, 1),
(1, '2023-01-02', 8, 1),
(2, '2023-01-02', 8, 1),
(3, '2023-01-02', 10, 1),
(4, '2023-01-02', 4, 1),
(5, '2023-01-02', 8, 1),
(6, '2023-01-02', 8, 1),
(7, '2023-01-02', 8, 1),
(8, '2023-01-02', 8, 1),
(9, '2023-01-02', 8, 1),
(10, '2023-01-02', 8, 1),
(1, '2023-01-03', 8, 1),
(2, '2023-01-03', 8, 1),
(3, '2023-01-03', 12, 1),
(4, '2023-01-03', 10, 4),
(5, '2023-01-03', 8, 1),
(6, '2023-01-03', 8, 1),
(7, '2023-01-03', 8, 1),
(8, '2023-01-03', 8, 1),
(9, '2023-01-03', 8, 1),
(10, '2023-01-03', 8, 1),
(1, '2023-01-04', 8, 1),
(2, '2023-01-04', 8, 1),
(3, '2023-01-04', 8, 1),
(4, '2023-01-04', 4, 1),
(5, '2023-01-04', 8, 1),
(6, '2023-01-04', 8, 1),
(7, '2023-01-04', 8, 1),
(8, '2023-01-04', 8, 1),
(9, '2023-01-04', 8, 1),
(10, '2023-01-04', 8, 1),
(1, '2023-01-05', 8, 1),
(2, '2023-01-05', 8, 1),
(3, '2023-01-05', 9, 1),
(4, '2023-01-05', 9, 1),
(5, '2023-01-05', 8, 1),
(6, '2023-01-05', 8, 1),
(7, '2023-01-05', 8, 1),
(8, '2023-01-05', 8, 1),
(9, '2023-01-05', 8, 1),
(10, '2023-01-05', 8, 1),
(1, '2023-01-06', 8, 1),
(2, '2023-01-06', 8, 1),
(3, '2023-01-06', 4, 1),
(4, '2023-01-06', 3, 1),
(5, '2023-01-06', 6, 1),
(6, '2023-01-06', 8, 1),
(7, '2023-01-06', 8, 1),
(8, '2023-01-06', 6, 1),
(9, '2023-01-06', 6, 1),
(10, '2023-01-06', 6, 1),
(1, '2023-01-07', 0, 1),
(2, '2023-01-07', 0, 1),
(3, '2023-01-07', 3, 1),
(4, '2023-01-07', 1, 1),
(5, '2023-01-07', 0, 1),
(6, '2023-01-07', 0, 1),
(7, '2023-01-07', 0, 1),
(8, '2023-01-07', 0, 1),
(9, '2023-01-07', 0, 1),
(10, '2023-01-07', 0, 1),
(1, '2023-01-08', 0, 1),
(2, '2023-01-08', 0, 1),
(3, '2023-01-08', 1, 1),
(4, '2023-01-08', 8, 4),
(5, '2023-01-08', 0, 1),
(6, '2023-01-08', 0, 1),
(7, '2023-01-08', 0, 1),
(8, '2023-01-08', 0, 1),
(9, '2023-01-08', 0, 1),
(10, '2023-01-08', 0, 1),
(1, '2023-01-09', 8, 1),
(2, '2023-01-09', 8, 1),
(3, '2023-01-09', 9, 1),
(4, '2023-01-09', 1, 1),
(5, '2023-01-09', 8, 1),
(6, '2023-01-09', 8, 1),
(7, '2023-01-09', 8, 1),
(8, '2023-01-09', 8, 1),
(9, '2023-01-09', 8, 1),
(10, '2023-01-09', 8, 1),
(1, '2023-01-10', 8, 1),
(2, '2023-01-10', 8, 1),
(3, '2023-01-10', 7, 1),
(4, '2023-01-10', 12, 1),
(5, '2023-01-10', 8, 1),
(6, '2023-01-10', 8, 1),
(7, '2023-01-10', 8, 1),
(8, '2023-01-10', 8, 1),
(9, '2023-01-10', 8, 1),
(10, '2023-01-10', 8, 1),
(1, '2023-01-11', 8, 1),
(2, '2023-01-11', 8, 1),
(3, '2023-01-11', 10, 1),
(4, '2023-01-11', 3, 1),
(5, '2023-01-11', 8, 1),
(6, '2023-01-11', 8, 1),
(7, '2023-01-11', 8, 1),
(8, '2023-01-11', 8, 1),
(9, '2023-01-11', 8, 1),
(10, '2023-01-11', 8, 1),
(1, '2023-01-12', 8, 1),
(2, '2023-01-12', 8, 1),
(3, '2023-01-12', 9, 1),
(4, '2023-01-12', 1, 1),
(5, '2023-01-12', 8, 1),
(6, '2023-01-12', 8, 1),
(7, '2023-01-12', 8, 1),
(8, '2023-01-12', 8, 1),
(9, '2023-01-12', 8, 1),
(10, '2023-01-12', 8, 1),
(1, '2023-01-13', 8, 1),
(2, '2023-01-13', 8, 1),
(3, '2023-01-13', 7, 1),
(4, '2023-01-13', 0, 1),
(5, '2023-01-13', 6, 1),
(6, '2023-01-13', 8, 1),
(7, '2023-01-13', 8, 1),
(8, '2023-01-13', 6, 1),
(9, '2023-01-13', 6, 1),
(10, '2023-01-13', 6, 1),
(1, '2023-01-14', 0, 1),
(2, '2023-01-14', 0, 1),
(3, '2023-01-14', 9, 1),
(4, '2023-01-14', 5, 1),
(5, '2023-01-14', 0, 1),
(6, '2023-01-14', 0, 1),
(7, '2023-01-14', 0, 1),
(8, '2023-01-14', 0, 1),
(9, '2023-01-14', 0, 1),
(10, '2023-01-14', 0, 1),
(1, '2023-01-15', 0, 1),
(2, '2023-01-15', 0, 1),
(3, '2023-01-15', 9, 1),
(4, '2023-01-15', 12, 1),
(5, '2023-01-15', 0, 1),
(6, '2023-01-15', 0, 1),
(7, '2023-01-15', 0, 1),
(8, '2023-01-15', 0, 1),
(9, '2023-01-15', 0, 1),
(10, '2023-01-15', 0, 1),
(1, '2023-01-16', 8, 1),
(2, '2023-01-16', 8, 1),
(3, '2023-01-16', 3, 1),
(4, '2023-01-16', 6, 1),
(5, '2023-01-16', 8, 1),
(6, '2023-01-16', 8, 1),
(7, '2023-01-16', 8, 1),
(8, '2023-01-16', 8, 1),
(9, '2023-01-16', 8, 1),
(10, '2023-01-16', 8, 1),
(1, '2023-01-17', 8, 1),
(2, '2023-01-17', 8, 1),
(3, '2023-01-17', 9, 1),
(4, '2023-01-17', 8, 1),
(5, '2023-01-17', 8, 1),
(6, '2023-01-17', 8, 1),
(7, '2023-01-17', 8, 1),
(8, '2023-01-17', 8, 1),
(9, '2023-01-17', 8, 1),
(10, '2023-01-17', 8, 1),
(1, '2023-01-18', 8, 1),
(2, '2023-01-18', 8, 1),
(3, '2023-01-18', 10, 1),
(4, '2023-01-18', 3, 1),
(5, '2023-01-18', 8, 1),
(6, '2023-01-18', 8, 1),
(7, '2023-01-18', 8, 1),
(8, '2023-01-18', 8, 1),
(9, '2023-01-18', 8, 1),
(10, '2023-01-18', 8, 1),
(1, '2023-01-19', 8, 1),
(2, '2023-01-19', 8, 1),
(3, '2023-01-19', 12, 1),
(4, '2023-01-19', 4, 1),
(5, '2023-01-19', 8, 1),
(6, '2023-01-19', 8, 1),
(7, '2023-01-19', 8, 1),
(8, '2023-01-19', 8, 1),
(9, '2023-01-19', 8, 1),
(10, '2023-01-19', 8, 1),
(1, '2023-01-20', 8, 1),
(2, '2023-01-20', 8, 1),
(3, '2023-01-20', 6, 1),
(4, '2023-01-20', 2, 1),
(5, '2023-01-20', 6, 1),
(6, '2023-01-20', 8, 1),
(7, '2023-01-20', 8, 1),
(8, '2023-01-20', 6, 2),
(9, '2023-01-20', 6, 1),
(10, '2023-01-20', 6, 1),
(1, '2023-01-21', 0, 1),
(2, '2023-01-21', 0, 1),
(3, '2023-01-21', 1, 1),
(4, '2023-01-21', 7, 1),
(5, '2023-01-21', 0, 1),
(6, '2023-01-21', 0, 1),
(7, '2023-01-21', 0, 1),
(8, '2023-01-21', 0, 1),
(9, '2023-01-21', 0, 1),
(10, '2023-01-21', 0, 1),
(1, '2023-01-22', 0, 1),
(2, '2023-01-22', 0, 1),
(3, '2023-01-22', 1, 1),
(4, '2023-01-22', 4, 1),
(5, '2023-01-22', 0, 1),
(6, '2023-01-22', 0, 1),
(7, '2023-01-22', 0, 1),
(8, '2023-01-22', 0, 1),
(9, '2023-01-22', 0, 1),
(10, '2023-01-22', 0, 1),
(1, '2023-01-23', 8, 1),
(2, '2023-01-23', 8, 1),
(3, '2023-01-23', 5, 1),
(4, '2023-01-23', 6, 1),
(5, '2023-01-23', 8, 1),
(6, '2023-01-23', 8, 1),
(7, '2023-01-23', 8, 1),
(8, '2023-01-23', 8, 1),
(9, '2023-01-23', 8, 1),
(10, '2023-01-23', 8, 1),
(1, '2023-01-24', 8, 1),
(2, '2023-01-24', 8, 1),
(3, '2023-01-24', 1, 1),
(4, '2023-01-24', 2, 1),
(5, '2023-01-24', 8, 1),
(6, '2023-01-24', 8, 1),
(7, '2023-01-24', 8, 1),
(8, '2023-01-24', 8, 1),
(9, '2023-01-24', 8, 1),
(10, '2023-01-24', 8, 1),
(1, '2023-01-25', 8, 1),
(2, '2023-01-25', 8, 1),
(3, '2023-01-25', 10, 1),
(4, '2023-01-25', 7, 1),
(5, '2023-01-25', 8, 1),
(6, '2023-01-25', 8, 1),
(7, '2023-01-25', 8, 1),
(8, '2023-01-25', 8, 1),
(9, '2023-01-25', 8, 1),
(10, '2023-01-25', 8, 1),
(1, '2023-01-26', 8, 1),
(2, '2023-01-26', 8, 1),
(3, '2023-01-26', 4, 1),
(4, '2023-01-26', 8, 1),
(5, '2023-01-26', 8, 1),
(6, '2023-01-26', 8, 1),
(7, '2023-01-26', 8, 1),
(8, '2023-01-26', 8, 1),
(9, '2023-01-26', 8, 1),
(10, '2023-01-26', 8, 1),
(1, '2023-01-27', 8, 1),
(2, '2023-01-27', 8, 1),
(3, '2023-01-27', 2, 1),
(4, '2023-01-27', 12, 1),
(5, '2023-01-27', 6, 1),
(6, '2023-01-27', 8, 1),
(7, '2023-01-27', 8, 1),
(8, '2023-01-27', 6, 1),
(9, '2023-01-27', 6, 1),
(10, '2023-01-27', 6, 1),
(1, '2023-01-28', 0, 1),
(2, '2023-01-28', 0, 1),
(3, '2023-01-28', 5, 1),
(4, '2023-01-28', 4, 1),
(5, '2023-01-28', 0, 1),
(6, '2023-01-28', 0, 1),
(7, '2023-01-28', 0, 1),
(8, '2023-01-28', 0, 1),
(9, '2023-01-28', 0, 1),
(10, '2023-01-28', 0, 1),
(1, '2023-01-29', 0, 1),
(2, '2023-01-29', 0, 1),
(3, '2023-01-29', 4, 1),
(4, '2023-01-29', 9, 1),
(5, '2023-01-29', 0, 1),
(6, '2023-01-29', 0, 1),
(7, '2023-01-29', 0, 1),
(8, '2023-01-29', 0, 1),
(9, '2023-01-29', 0, 1),
(10, '2023-01-29', 0, 1),
(1, '2023-01-30', 8, 1),
(2, '2023-01-30', 8, 1),
(3, '2023-01-30', 11, 1),
(4, '2023-01-30', 9, 1),
(5, '2023-01-30', 8, 1),
(6, '2023-01-30', 8, 1),
(7, '2023-01-30', 8, 1),
(8, '2023-01-30', 8, 1),
(9, '2023-01-30', 8, 1),
(10, '2023-01-30', 8, 1),
(1, '2023-01-31', 8, 1),
(2, '2023-01-31', 8, 1),
(3, '2023-01-31', 8, 1),
(4, '2023-01-31', 10, 1),
(5, '2023-01-31', 8, 1),
(6, '2023-01-31', 8, 1),
(7, '2023-01-31', 8, 1),
(8, '2023-01-31', 8, 1),
(9, '2023-01-31', 8, 1),
(10, '2023-01-31', 8, 1),
(1, '2023-02-01', 8, 1),
(2, '2023-02-01', 8, 1),
(3, '2023-02-01', 2, 1),
(4, '2023-02-01', 8, 1),
(5, '2023-02-01', 8, 1),
(6, '2023-02-01', 8, 1),
(7, '2023-02-01', 8, 6),
(8, '2023-02-01', 8, 1),
(9, '2023-02-01', 8, 1),
(10, '2023-02-01', 8, 1),
(1, '2023-02-02', 8, 1),
(2, '2023-02-02', 8, 1),
(3, '2023-02-02', 5, 1),
(4, '2023-02-02', 11, 1),
(5, '2023-02-02', 8, 1),
(6, '2023-02-02', 8, 1),
(7, '2023-02-02', 8, 1),
(8, '2023-02-02', 8, 1),
(9, '2023-02-02', 8, 1),
(10, '2023-02-02', 8, 1),
(1, '2023-02-03', 8, 1),
(2, '2023-02-03', 8, 1),
(3, '2023-02-03', 1, 1),
(4, '2023-02-03', 9, 1),
(5, '2023-02-03', 6, 2),
(6, '2023-02-03', 8, 1),
(7, '2023-02-03', 8, 1),
(8, '2023-02-03', 6, 1),
(9, '2023-02-03', 6, 1),
(10, '2023-02-03', 6, 1),
(1, '2023-02-04', 0, 1),
(2, '2023-02-04', 0, 1),
(3, '2023-02-04', 8, 1),
(4, '2023-02-04', 10, 1),
(5, '2023-02-04', 0, 1),
(6, '2023-02-04', 0, 1),
(7, '2023-02-04', 0, 1),
(8, '2023-02-04', 0, 1),
(9, '2023-02-04', 0, 1),
(10, '2023-02-04', 0, 1),
(1, '2023-02-05', 0, 1),
(2, '2023-02-05', 0, 1),
(3, '2023-02-05', 12, 1),
(4, '2023-02-05', 0, 1),
(5, '2023-02-05', 0, 1),
(6, '2023-02-05', 0, 1),
(7, '2023-02-05', 0, 1),
(8, '2023-02-05', 0, 1),
(9, '2023-02-05', 0, 1),
(10, '2023-02-05', 0, 1),
(1, '2023-02-06', 8, 1),
(2, '2023-02-06', 8, 1),
(3, '2023-02-06', 6, 1),
(4, '2023-02-06', 2, 1),
(5, '2023-02-06', 8, 1),
(6, '2023-02-06', 8, 1),
(7, '2023-02-06', 8, 1),
(8, '2023-02-06', 8, 1),
(9, '2023-02-06', 8, 1),
(10, '2023-02-06', 8, 1),
(1, '2023-02-07', 8, 1),
(2, '2023-02-07', 8, 1),
(3, '2023-02-07', 1, 1),
(4, '2023-02-07', 6, 1),
(5, '2023-02-07', 8, 1),
(6, '2023-02-07', 8, 1),
(7, '2023-02-07', 8, 1),
(8, '2023-02-07', 8, 1),
(9, '2023-02-07', 8, 1),
(10, '2023-02-07', 8, 1),
(1, '2023-02-08', 8, 1),
(2, '2023-02-08', 8, 1),
(3, '2023-02-08', 4, 1),
(4, '2023-02-08', 1, 1),
(5, '2023-02-08', 8, 1),
(6, '2023-02-08', 8, 1),
(7, '2023-02-08', 8, 1),
(8, '2023-02-08', 8, 1),
(9, '2023-02-08', 8, 1),
(10, '2023-02-08', 8, 1),
(1, '2023-02-09', 8, 1),
(2, '2023-02-09', 8, 1),
(3, '2023-02-09', 5, 1),
(4, '2023-02-09', 11, 1),
(5, '2023-02-09', 8, 1),
(6, '2023-02-09', 8, 1),
(7, '2023-02-09', 8, 1),
(8, '2023-02-09', 8, 1),
(9, '2023-02-09', 8, 1),
(10, '2023-02-09', 8, 1),
(1, '2023-02-10', 8, 1),
(2, '2023-02-10', 8, 1),
(3, '2023-02-10', 11, 1),
(4, '2023-02-10', 12, 1),
(5, '2023-02-10', 6, 1),
(6, '2023-02-10', 8, 1),
(7, '2023-02-10', 8, 1),
(8, '2023-02-10', 6, 1),
(9, '2023-02-10', 6, 1),
(10, '2023-02-10', 6, 1),
(1, '2023-02-11', 0, 1),
(2, '2023-02-11', 0, 1),
(3, '2023-02-11', 2, 1),
(4, '2023-02-11', 6, 3),
(5, '2023-02-11', 0, 1),
(6, '2023-02-11', 0, 1),
(7, '2023-02-11', 0, 1),
(8, '2023-02-11', 0, 1),
(9, '2023-02-11', 0, 1),
(10, '2023-02-11', 0, 1),
(1, '2023-02-12', 0, 1),
(2, '2023-02-12', 0, 1),
(3, '2023-02-12', 2, 1),
(4, '2023-02-12', 7, 1),
(5, '2023-02-12', 0, 1),
(6, '2023-02-12', 0, 1),
(7, '2023-02-12', 0, 1),
(8, '2023-02-12', 0, 1),
(9, '2023-02-12', 0, 1),
(10, '2023-02-12', 0, 1),
(1, '2023-02-13', 8, 1),
(2, '2023-02-13', 8, 1),
(3, '2023-02-13', 1, 1),
(4, '2023-02-13', 8, 1),
(5, '2023-02-13', 8, 1),
(6, '2023-02-13', 8, 1),
(7, '2023-02-13', 8, 1),
(8, '2023-02-13', 8, 1),
(9, '2023-02-13', 8, 1),
(10, '2023-02-13', 8, 1),
(1, '2023-02-14', 8, 1),
(2, '2023-02-14', 8, 1),
(3, '2023-02-14', 12, 3),
(4, '2023-02-14', 10, 1),
(5, '2023-02-14', 8, 1),
(6, '2023-02-14', 8, 1),
(7, '2023-02-14', 8, 1),
(8, '2023-02-14', 8, 1),
(9, '2023-02-14', 8, 1),
(10, '2023-02-14', 8, 1),
(1, '2023-02-15', 8, 1),
(2, '2023-02-15', 8, 1),
(3, '2023-02-15', 4, 1),
(4, '2023-02-15', 12, 1),
(5, '2023-02-15', 8, 1),
(6, '2023-02-15', 8, 1),
(7, '2023-02-15', 8, 1),
(8, '2023-02-15', 8, 1),
(9, '2023-02-15', 8, 1),
(10, '2023-02-15', 8, 1),
(1, '2023-02-16', 8, 1),
(2, '2023-02-16', 8, 1),
(3, '2023-02-16', 12, 1),
(4, '2023-02-16', 10, 1),
(5, '2023-02-16', 8, 1),
(6, '2023-02-16', 8, 1),
(7, '2023-02-16', 8, 1),
(8, '2023-02-16', 8, 1),
(9, '2023-02-16', 8, 1),
(10, '2023-02-16', 8, 1),
(1, '2023-02-17', 8, 1),
(2, '2023-02-17', 8, 1),
(3, '2023-02-17', 5, 1),
(4, '2023-02-17', 12, 1),
(5, '2023-02-17', 6, 1),
(6, '2023-02-17', 8, 1),
(7, '2023-02-17', 8, 1),
(8, '2023-02-17', 6, 1),
(9, '2023-02-17', 6, 1),
(10, '2023-02-17', 6, 1),
(1, '2023-02-18', 0, 1),
(2, '2023-02-18', 0, 1),
(3, '2023-02-18', 9, 1),
(4, '2023-02-18', 3, 1),
(5, '2023-02-18', 0, 1),
(6, '2023-02-18', 0, 1),
(7, '2023-02-18', 0, 1),
(8, '2023-02-18', 0, 1),
(9, '2023-02-18', 0, 1),
(10, '2023-02-18', 0, 1),
(1, '2023-02-19', 0, 1),
(2, '2023-02-19', 0, 1),
(3, '2023-02-19', 0, 1),
(4, '2023-02-19', 7, 1),
(5, '2023-02-19', 0, 1),
(6, '2023-02-19', 0, 1),
(7, '2023-02-19', 0, 1),
(8, '2023-02-19', 0, 1),
(9, '2023-02-19', 0, 1),
(10, '2023-02-19', 0, 1),
(1, '2023-02-20', 8, 1),
(2, '2023-02-20', 8, 1),
(3, '2023-02-20', 7, 1),
(4, '2023-02-20', 6, 1),
(5, '2023-02-20', 8, 1),
(6, '2023-02-20', 8, 1),
(7, '2023-02-20', 8, 1),
(8, '2023-02-20', 8, 1),
(9, '2023-02-20', 8, 3),
(10, '2023-02-20', 8, 1),
(1, '2023-02-21', 8, 1),
(2, '2023-02-21', 8, 1),
(3, '2023-02-21', 6, 1),
(4, '2023-02-21', 0, 1),
(5, '2023-02-21', 8, 1),
(6, '2023-02-21', 8, 1),
(7, '2023-02-21', 8, 1),
(8, '2023-02-21', 8, 1),
(9, '2023-02-21', 8, 1),
(10, '2023-02-21', 8, 1),
(1, '2023-02-22', 8, 1),
(2, '2023-02-22', 8, 1),
(3, '2023-02-22', 4, 1),
(4, '2023-02-22', 4, 1),
(5, '2023-02-22', 8, 1),
(6, '2023-02-22', 8, 1),
(7, '2023-02-22', 8, 1),
(8, '2023-02-22', 8, 1),
(9, '2023-02-22', 8, 1),
(10, '2023-02-22', 8, 1),
(1, '2023-02-23', 8, 1),
(2, '2023-02-23', 8, 1),
(3, '2023-02-23', 12, 1),
(4, '2023-02-23', 10, 1),
(5, '2023-02-23', 8, 1),
(6, '2023-02-23', 8, 1),
(7, '2023-02-23', 8, 1),
(8, '2023-02-23', 8, 1),
(9, '2023-02-23', 8, 1),
(10, '2023-02-23', 8, 1),
(1, '2023-02-24', 8, 1),
(2, '2023-02-24', 8, 1),
(3, '2023-02-24', 1, 1),
(4, '2023-02-24', 7, 1),
(5, '2023-02-24', 6, 1),
(6, '2023-02-24', 8, 1),
(7, '2023-02-24', 8, 1),
(8, '2023-02-24', 6, 1),
(9, '2023-02-24', 6, 1),
(10, '2023-02-24', 6, 1),
(1, '2023-02-25', 0, 1),
(2, '2023-02-25', 0, 1),
(3, '2023-02-25', 3, 1),
(4, '2023-02-25', 6, 1),
(5, '2023-02-25', 0, 1),
(6, '2023-02-25', 0, 1),
(7, '2023-02-25', 0, 1),
(8, '2023-02-25', 0, 1),
(9, '2023-02-25', 0, 1),
(10, '2023-02-25', 0, 1),
(1, '2023-02-26', 0, 1),
(2, '2023-02-26', 0, 1),
(3, '2023-02-26', 8, 1),
(4, '2023-02-26', 4, 1),
(5, '2023-02-26', 0, 1),
(6, '2023-02-26', 0, 1),
(7, '2023-02-26', 0, 1),
(8, '2023-02-26', 0, 1),
(9, '2023-02-26', 0, 1),
(10, '2023-02-26', 0, 1),
(1, '2023-02-27', 8, 1),
(2, '2023-02-27', 8, 1),
(3, '2023-02-27', 5, 1),
(4, '2023-02-27', 3, 1),
(5, '2023-02-27', 8, 1),
(6, '2023-02-27', 8, 1),
(7, '2023-02-27', 8, 1),
(8, '2023-02-27', 8, 1),
(9, '2023-02-27', 8, 1),
(10, '2023-02-27', 8, 1),
(1, '2023-02-28', 8, 1),
(2, '2023-02-28', 8, 1),
(3, '2023-02-28', 9, 1),
(4, '2023-02-28', 3, 6),
(5, '2023-02-28', 8, 1),
(6, '2023-02-28', 8, 1),
(7, '2023-02-28', 8, 1),
(8, '2023-02-28', 8, 1),
(9, '2023-02-28', 8, 1),
(10, '2023-02-28', 8, 1),
(1, '2023-03-01', 8, 1),
(2, '2023-03-01', 8, 1),
(3, '2023-03-01', 7, 1),
(4, '2023-03-01', 3, 1),
(5, '2023-03-01', 8, 1),
(6, '2023-03-01', 8, 1),
(7, '2023-03-01', 8, 1),
(8, '2023-03-01', 8, 1),
(9, '2023-03-01', 8, 1),
(10, '2023-03-01', 8, 1),
(1, '2023-03-02', 8, 1),
(2, '2023-03-02', 8, 1),
(3, '2023-03-02', 12, 1),
(4, '2023-03-02', 0, 1),
(5, '2023-03-02', 8, 1),
(6, '2023-03-02', 8, 1),
(7, '2023-03-02', 8, 1),
(8, '2023-03-02', 8, 1),
(9, '2023-03-02', 8, 1),
(10, '2023-03-02', 8, 1),
(1, '2023-03-03', 8, 1),
(2, '2023-03-03', 8, 1),
(3, '2023-03-03', 10, 1),
(4, '2023-03-03', 11, 1),
(5, '2023-03-03', 6, 1),
(6, '2023-03-03', 8, 1),
(7, '2023-03-03', 8, 1),
(8, '2023-03-03', 6, 1),
(9, '2023-03-03', 6, 1),
(10, '2023-03-03', 6, 1),
(1, '2023-03-04', 0, 1),
(2, '2023-03-04', 0, 1),
(3, '2023-03-04', 4, 1),
(4, '2023-03-04', 11, 1),
(5, '2023-03-04', 0, 1),
(6, '2023-03-04', 0, 1),
(7, '2023-03-04', 0, 1),
(8, '2023-03-04', 0, 1),
(9, '2023-03-04', 0, 1),
(10, '2023-03-04', 0, 1),
(1, '2023-03-05', 0, 1),
(2, '2023-03-05', 0, 1),
(3, '2023-03-05', 0, 1),
(4, '2023-03-05', 2, 1),
(5, '2023-03-05', 0, 1),
(6, '2023-03-05', 0, 1),
(7, '2023-03-05', 0, 1),
(8, '2023-03-05', 0, 1),
(9, '2023-03-05', 0, 1),
(10, '2023-03-05', 0, 1),
(1, '2023-03-06', 8, 1),
(2, '2023-03-06', 8, 1),
(3, '2023-03-06', 10, 1),
(4, '2023-03-06', 7, 1),
(5, '2023-03-06', 8, 1),
(6, '2023-03-06', 8, 1),
(7, '2023-03-06', 8, 1),
(8, '2023-03-06', 8, 3),
(9, '2023-03-06', 8, 3),
(10, '2023-03-06', 8, 1),
(1, '2023-03-07', 8, 1),
(2, '2023-03-07', 8, 1),
(3, '2023-03-07', 1, 1),
(4, '2023-03-07', 8, 1),
(5, '2023-03-07', 8, 1),
(6, '2023-03-07', 8, 1),
(7, '2023-03-07', 8, 1),
(8, '2023-03-07', 8, 1),
(9, '2023-03-07', 8, 1),
(10, '2023-03-07', 8, 1),
(1, '2023-03-08', 8, 1),
(2, '2023-03-08', 8, 1),
(3, '2023-03-08', 11, 1),
(4, '2023-03-08', 12, 1),
(5, '2023-03-08', 8, 3),
(6, '2023-03-08', 8, 1),
(7, '2023-03-08', 8, 1),
(8, '2023-03-08', 8, 1),
(9, '2023-03-08', 8, 1),
(10, '2023-03-08', 8, 1),
(1, '2023-03-09', 8, 1),
(2, '2023-03-09', 8, 1),
(3, '2023-03-09', 8, 1),
(4, '2023-03-09', 0, 1),
(5, '2023-03-09', 8, 1),
(6, '2023-03-09', 8, 1),
(7, '2023-03-09', 8, 1),
(8, '2023-03-09', 8, 1),
(9, '2023-03-09', 8, 1),
(10, '2023-03-09', 8, 1),
(1, '2023-03-10', 8, 1),
(2, '2023-03-10', 8, 1),
(3, '2023-03-10', 8, 1),
(4, '2023-03-10', 9, 1),
(5, '2023-03-10', 6, 1),
(6, '2023-03-10', 8, 1),
(7, '2023-03-10', 8, 1),
(8, '2023-03-10', 6, 1),
(9, '2023-03-10', 6, 1),
(10, '2023-03-10', 6, 1),
(1, '2023-03-11', 0, 1),
(2, '2023-03-11', 0, 1),
(3, '2023-03-11', 9, 1),
(4, '2023-03-11', 3, 1),
(5, '2023-03-11', 0, 1),
(6, '2023-03-11', 0, 1),
(7, '2023-03-11', 0, 1),
(8, '2023-03-11', 0, 1),
(9, '2023-03-11', 0, 1),
(10, '2023-03-11', 0, 1),
(1, '2023-03-12', 0, 1),
(2, '2023-03-12', 0, 1),
(3, '2023-03-12', 3, 1),
(4, '2023-03-12', 4, 1),
(5, '2023-03-12', 0, 1),
(6, '2023-03-12', 0, 1),
(7, '2023-03-12', 0, 1),
(8, '2023-03-12', 0, 1),
(9, '2023-03-12', 0, 1),
(10, '2023-03-12', 0, 1),
(1, '2023-03-13', 8, 1),
(2, '2023-03-13', 8, 1),
(3, '2023-03-13', 10, 1),
(4, '2023-03-13', 1, 1),
(5, '2023-03-13', 8, 1),
(6, '2023-03-13', 8, 1),
(7, '2023-03-13', 8, 1),
(8, '2023-03-13', 8, 1),
(9, '2023-03-13', 8, 1),
(10, '2023-03-13', 8, 1),
(1, '2023-03-14', 8, 1),
(2, '2023-03-14', 8, 1),
(3, '2023-03-14', 7, 1),
(4, '2023-03-14', 2, 1),
(5, '2023-03-14', 8, 1),
(6, '2023-03-14', 8, 1),
(7, '2023-03-14', 8, 1),
(8, '2023-03-14', 8, 1),
(9, '2023-03-14', 8, 1),
(10, '2023-03-14', 8, 1),
(1, '2023-03-15', 8, 1),
(2, '2023-03-15', 8, 1),
(3, '2023-03-15', 10, 1),
(4, '2023-03-15', 7, 1),
(5, '2023-03-15', 8, 1),
(6, '2023-03-15', 8, 1),
(7, '2023-03-15', 8, 1),
(8, '2023-03-15', 8, 1),
(9, '2023-03-15', 8, 1),
(10, '2023-03-15', 8, 1),
(1, '2023-03-16', 8, 1),
(2, '2023-03-16', 8, 1),
(3, '2023-03-16', 4, 1),
(4, '2023-03-16', 3, 1),
(5, '2023-03-16', 8, 1),
(6, '2023-03-16', 8, 1),
(7, '2023-03-16', 8, 1),
(8, '2023-03-16', 8, 1),
(9, '2023-03-16', 8, 1),
(10, '2023-03-16', 8, 1),
(1, '2023-03-17', 8, 1),
(2, '2023-03-17', 8, 1),
(3, '2023-03-17', 5, 1),
(4, '2023-03-17', 10, 1),
(5, '2023-03-17', 6, 1),
(6, '2023-03-17', 8, 1),
(7, '2023-03-17', 8, 1),
(8, '2023-03-17', 6, 1),
(9, '2023-03-17', 6, 1),
(10, '2023-03-17', 6, 1),
(1, '2023-03-18', 0, 1),
(2, '2023-03-18', 0, 1),
(3, '2023-03-18', 0, 1),
(4, '2023-03-18', 2, 1),
(5, '2023-03-18', 0, 1),
(6, '2023-03-18', 0, 1),
(7, '2023-03-18', 0, 1),
(8, '2023-03-18', 0, 1),
(9, '2023-03-18', 0, 1),
(10, '2023-03-18', 0, 1),
(1, '2023-03-19', 0, 1),
(2, '2023-03-19', 0, 1),
(3, '2023-03-19', 12, 1),
(4, '2023-03-19', 10, 2),
(5, '2023-03-19', 0, 1),
(6, '2023-03-19', 0, 1),
(7, '2023-03-19', 0, 1),
(8, '2023-03-19', 0, 1),
(9, '2023-03-19', 0, 1),
(10, '2023-03-19', 0, 1),
(1, '2023-03-20', 8, 1),
(2, '2023-03-20', 8, 1),
(3, '2023-03-20', 8, 1),
(4, '2023-03-20', 4, 1),
(5, '2023-03-20', 8, 1),
(6, '2023-03-20', 8, 1),
(7, '2023-03-20', 8, 1),
(8, '2023-03-20', 8, 1),
(9, '2023-03-20', 8, 1),
(10, '2023-03-20', 8, 1),
(1, '2023-03-21', 8, 1),
(2, '2023-03-21', 8, 1),
(3, '2023-03-21', 1, 6),
(4, '2023-03-21', 9, 1),
(5, '2023-03-21', 8, 1),
(6, '2023-03-21', 8, 1),
(7, '2023-03-21', 8, 1),
(8, '2023-03-21', 8, 1),
(9, '2023-03-21', 8, 1),
(10, '2023-03-21', 8, 1),
(1, '2023-03-22', 8, 1),
(2, '2023-03-22', 8, 1),
(3, '2023-03-22', 5, 1),
(4, '2023-03-22', 5, 1),
(5, '2023-03-22', 8, 1),
(6, '2023-03-22', 8, 1),
(7, '2023-03-22', 8, 1),
(8, '2023-03-22', 8, 1),
(9, '2023-03-22', 8, 1),
(10, '2023-03-22', 8, 1),
(1, '2023-03-23', 8, 1),
(2, '2023-03-23', 8, 1),
(3, '2023-03-23', 9, 1),
(4, '2023-03-23', 5, 1),
(5, '2023-03-23', 8, 1),
(6, '2023-03-23', 8, 1),
(7, '2023-03-23', 8, 1),
(8, '2023-03-23', 8, 1),
(9, '2023-03-23', 8, 1),
(10, '2023-03-23', 8, 1),
(1, '2023-03-24', 8, 1),
(2, '2023-03-24', 8, 1),
(3, '2023-03-24', 8, 1),
(4, '2023-03-24', 11, 1),
(5, '2023-03-24', 6, 1),
(6, '2023-03-24', 8, 1),
(7, '2023-03-24', 8, 1),
(8, '2023-03-24', 6, 1),
(9, '2023-03-24', 6, 1),
(10, '2023-03-24', 6, 1),
(1, '2023-03-25', 0, 1),
(2, '2023-03-25', 0, 1),
(3, '2023-03-25', 3, 1),
(4, '2023-03-25', 1, 1),
(5, '2023-03-25', 0, 1),
(6, '2023-03-25', 0, 1),
(7, '2023-03-25', 0, 1),
(8, '2023-03-25', 0, 1),
(9, '2023-03-25', 0, 1),
(10, '2023-03-25', 0, 1),
(1, '2023-03-26', 0, 1),
(2, '2023-03-26', 0, 1),
(3, '2023-03-26', 5, 1),
(4, '2023-03-26', 3, 1),
(5, '2023-03-26', 0, 1),
(6, '2023-03-26', 0, 1),
(7, '2023-03-26', 0, 1),
(8, '2023-03-26', 0, 1),
(9, '2023-03-26', 0, 1),
(10, '2023-03-26', 0, 1),
(1, '2023-03-27', 8, 1),
(2, '2023-03-27', 8, 1),
(3, '2023-03-27', 3, 1),
(4, '2023-03-27', 12, 1),
(5, '2023-03-27', 8, 1),
(6, '2023-03-27', 8, 1),
(7, '2023-03-27', 8, 1),
(8, '2023-03-27', 8, 1),
(9, '2023-03-27', 8, 1),
(10, '2023-03-27', 8, 1),
(1, '2023-03-28', 8, 1),
(2, '2023-03-28', 8, 1),
(3, '2023-03-28', 5, 1),
(4, '2023-03-28', 0, 1),
(5, '2023-03-28', 8, 1),
(6, '2023-03-28', 8, 1),
(7, '2023-03-28', 8, 1),
(8, '2023-03-28', 8, 1),
(9, '2023-03-28', 8, 1),
(10, '2023-03-28', 8, 1),
(1, '2023-03-29', 8, 1),
(2, '2023-03-29', 8, 1),
(3, '2023-03-29', 6, 1),
(4, '2023-03-29', 8, 1),
(5, '2023-03-29', 8, 1),
(6, '2023-03-29', 8, 1),
(7, '2023-03-29', 8, 1),
(8, '2023-03-29', 8, 1),
(9, '2023-03-29', 8, 1),
(10, '2023-03-29', 8, 1),
(1, '2023-03-30', 8, 1),
(2, '2023-03-30', 8, 1),
(3, '2023-03-30', 4, 1),
(4, '2023-03-30', 1, 1),
(5, '2023-03-30', 8, 1),
(6, '2023-03-30', 8, 1),
(7, '2023-03-30', 8, 1),
(8, '2023-03-30', 8, 1),
(9, '2023-03-30', 8, 1),
(10, '2023-03-30', 8, 1),
(1, '2023-03-31', 8, 1),
(2, '2023-03-31', 8, 1),
(3, '2023-03-31', 9, 1),
(4, '2023-03-31', 12, 1),
(5, '2023-03-31', 6, 1),
(6, '2023-03-31', 8, 1),
(7, '2023-03-31', 8, 1),
(8, '2023-03-31', 6, 1),
(9, '2023-03-31', 6, 1),
(10, '2023-03-31', 6, 1),
(1, '2023-04-01', 0, 1),
(2, '2023-04-01', 0, 1),
(3, '2023-04-01', 0, 1),
(4, '2023-04-01', 8, 1),
(5, '2023-04-01', 0, 1),
(6, '2023-04-01', 0, 1),
(7, '2023-04-01', 0, 1),
(8, '2023-04-01', 0, 1),
(9, '2023-04-01', 0, 1),
(10, '2023-04-01', 0, 1),
(1, '2023-04-02', 0, 1),
(2, '2023-04-02', 0, 1),
(3, '2023-04-02', 7, 1),
(4, '2023-04-02', 7, 1),
(5, '2023-04-02', 0, 1),
(6, '2023-04-02', 0, 1),
(7, '2023-04-02', 0, 1),
(8, '2023-04-02', 0, 1),
(9, '2023-04-02', 0, 1),
(10, '2023-04-02', 0, 1),
(1, '2023-04-03', 8, 1),
(2, '2023-04-03', 8, 1),
(3, '2023-04-03', 3, 1),
(4, '2023-04-03', 7, 1),
(5, '2023-04-03', 8, 1),
(6, '2023-04-03', 8, 1),
(7, '2023-04-03', 8, 1),
(8, '2023-04-03', 8, 1),
(9, '2023-04-03', 8, 1),
(10, '2023-04-03', 8, 4),
(1, '2023-04-04', 8, 1),
(2, '2023-04-04', 8, 1),
(3, '2023-04-04', 4, 1),
(4, '2023-04-04', 8, 1),
(5, '2023-04-04', 8, 1),
(6, '2023-04-04', 8, 1),
(7, '2023-04-04', 8, 1),
(8, '2023-04-04', 8, 1),
(9, '2023-04-04', 8, 1),
(10, '2023-04-04', 8, 1),
(1, '2023-04-05', 8, 2),
(2, '2023-04-05', 8, 1),
(3, '2023-04-05', 12, 1),
(4, '2023-04-05', 7, 1),
(5, '2023-04-05', 8, 1),
(6, '2023-04-05', 8, 1),
(7, '2023-04-05', 8, 1),
(8, '2023-04-05', 8, 1),
(9, '2023-04-05', 8, 1),
(10, '2023-04-05', 8, 1),
(1, '2023-04-06', 8, 1),
(2, '2023-04-06', 8, 1),
(3, '2023-04-06', 12, 1),
(4, '2023-04-06', 0, 1),
(5, '2023-04-06', 8, 1),
(6, '2023-04-06', 8, 1),
(7, '2023-04-06', 8, 1),
(8, '2023-04-06', 8, 1),
(9, '2023-04-06', 8, 1),
(10, '2023-04-06', 8, 1),
(1, '2023-04-07', 8, 1),
(2, '2023-04-07', 8, 1),
(3, '2023-04-07', 8, 1),
(4, '2023-04-07', 6, 1),
(5, '2023-04-07', 6, 1),
(6, '2023-04-07', 8, 1),
(7, '2023-04-07', 8, 1),
(8, '2023-04-07', 6, 1),
(9, '2023-04-07', 6, 1),
(10, '2023-04-07', 6, 1),
(1, '2023-04-08', 0, 1),
(2, '2023-04-08', 0, 1),
(3, '2023-04-08', 7, 1),
(4, '2023-04-08', 4, 1),
(5, '2023-04-08', 0, 1),
(6, '2023-04-08', 0, 1),
(7, '2023-04-08', 0, 1),
(8, '2023-04-08', 0, 1),
(9, '2023-04-08', 0, 1),
(10, '2023-04-08', 0, 1),
(1, '2023-04-09', 0, 1),
(2, '2023-04-09', 0, 1),
(3, '2023-04-09', 12, 1),
(4, '2023-04-09', 0, 1),
(5, '2023-04-09', 0, 1),
(6, '2023-04-09', 0, 1),
(7, '2023-04-09', 0, 1),
(8, '2023-04-09', 0, 1),
(9, '2023-04-09', 0, 1),
(10, '2023-04-09', 0, 1),
(1, '2023-04-10', 8, 1),
(2, '2023-04-10', 8, 1),
(3, '2023-04-10', 2, 1),
(4, '2023-04-10', 10, 1),
(5, '2023-04-10', 8, 1),
(6, '2023-04-10', 8, 1),
(7, '2023-04-10', 8, 1),
(8, '2023-04-10', 8, 1),
(9, '2023-04-10', 8, 1),
(10, '2023-04-10', 8, 1),
(1, '2023-04-11', 8, 1),
(2, '2023-04-11', 8, 1),
(3, '2023-04-11', 10, 1),
(4, '2023-04-11', 12, 1),
(5, '2023-04-11', 8, 1),
(6, '2023-04-11', 8, 1),
(7, '2023-04-11', 8, 1),
(8, '2023-04-11', 8, 1),
(9, '2023-04-11', 8, 1),
(10, '2023-04-11', 8, 1);